CPU Name,CPU Mark
Intel 1300 @ 1.66GHz,461
Intel 1400 @ 1.83GHz,528
Intel 1500 @ 2.00GHz,551
Intel 2.80GHz,341
Intel 300,7259
Intel 300T,5567
Intel Atom 230 @ 1.60GHz,169
Intel Atom 330 @ 1.60GHz,381
Intel Atom C1110,3170
Intel Atom C2338 @ 1.74GHz,584
Intel Atom C2350 @ 1.74GHz,531
Intel Atom C2358 @ 1.74GHz,562
Intel Atom C2538 @ 2.40GHz,968
Intel Atom C2550 @ 2.40GHz,1422
Intel Atom C2558 @ 2.40GHz,1424
Intel Atom C2750 @ 2.40GHz,2787
Intel Atom C2750 @ 2.41GHz,2174
Intel Atom C2758 @ 2.40GHz,2317
Intel Atom C3338 @ 1.50GHz,1028
Intel Atom C3508 @ 1.60GHz,1831
Intel Atom C3538 @ 2.10GHz,1910
Intel Atom C3558 @ 2.20GHz,2431
Intel Atom C3708 @ 1.70GHz,3750
Intel Atom C3758 @ 2.20GHz,4803
Intel Atom C3758R @ 2.40GHz,5097
Intel Atom C3808 @ 2.00GHz,5671
Intel Atom C3858 @ 2.00GHz,5040
Intel Atom C3958 @ 2.00GHz,3929
Intel Atom C5125,8631
Intel Atom C5315,2980
Intel Atom D2500 @ 1.86GHz,251
Intel Atom D2550 @ 1.86GHz,428
Intel Atom D2560 @ 2.00GHz,433
Intel Atom D2700 @ 2.13GHz,467
Intel Atom D2701 @ 2.13GHz,515
Intel Atom D410 @ 1.66GHz,180
Intel Atom D425 @ 1.80GHz,185
Intel Atom D510 @ 1.66GHz,406
Intel Atom D525 @ 1.80GHz,402
Intel Atom E3805 @ 1.33GHz,406
Intel Atom E3815 @ 1.46GHz,193
Intel Atom E3825 @ 1.33GHz,378
Intel Atom E3826 @ 1.46GHz,334
Intel Atom E3827 @ 1.74GHz,480
Intel Atom E3840 @ 1.91GHz,704
Intel Atom E3845 @ 1.91GHz,1071
Intel Atom E3900 @ 1.60GHz,1953
Intel Atom E660 @ 1.30GHz,177
Intel Atom E680 @ 1.60GHz,225
Intel Atom K510 @ 1.66GHz,385
Intel Atom N2100 @ 1.60GHz,193
Intel Atom N2600 @ 1.60GHz,344
Intel Atom N270 @ 1.60GHz,136
Intel Atom N280 @ 1.66GHz,157
Intel Atom N2800 @ 1.86GHz,444
Intel Atom N435 @ 1.33GHz,153
Intel Atom N450 @ 1.66GHz,206
Intel Atom N455 @ 1.66GHz,188
Intel Atom N470 @ 1.83GHz,224
Intel Atom N475 @ 1.83GHz,179
Intel Atom N550 @ 1.50GHz,304
Intel Atom N570 @ 1.66GHz,360
Intel Atom P5322,7378
Intel Atom P5342,13085
Intel Atom P5362,17276
Intel Atom S1260 @ 2.00GHz,526
Intel Atom T5700 @ 1.70GHz,2363
Intel Atom x5-E3930 @ 1.30GHz,879
Intel Atom x5-E3940 @ 1.60GHz,1816
Intel Atom x5-E8000 @ 1.04GHz,990
Intel Atom x5-Z8300 @ 1.44GHz,843
Intel Atom x5-Z8330 @ 1.44GHz,800
Intel Atom x5-Z8350 @ 1.44GHz,895
Intel Atom x5-Z8500 @ 1.44GHz,1245
Intel Atom x5-Z8550 @ 1.44GHz,1143
Intel Atom x6211E @ 1.20GHz,1695
Intel Atom x6211E @ 1.30GHz,1762
Intel Atom x6214RE @ 1.40GHz,1109
Intel Atom x6413E @ 1.50GHz,3726
Intel Atom x6414RE @ 1.50GHz,2128
Intel Atom x6425E @ 2.00GHz,3699
Intel Atom x6425RE @ 1.90GHz,2819
Intel Atom x6427FE @ 1.90GHz,3196
Intel Atom x7-E3950 @ 1.60GHz,2053
Intel Atom x7-Z8700 @ 1.60GHz,1322
Intel Atom x7-Z8750 @ 1.60GHz,1294
Intel Atom x7211E,2610
Intel Atom x7211RE,2214
Intel Atom x7213RE,2594
Intel Atom x7405C,5218
Intel Atom x7425E,5237
Intel Atom x7433RE,4100
Intel Atom x7809C,9409
Intel Atom x7835RE,7062
Intel Atom Z2760 @ 1.80GHz,298
Intel Atom Z3530 @ 1.33GHz,565
Intel Atom Z3560 @ 1.00GHz,749
Intel Atom Z3560 @ 1.83GHz,690
Intel Atom Z3580 @ 1.33GHz,802
Intel Atom Z3735D @ 1.33GHz,704
Intel Atom Z3735E @ 1.33GHz,557
Intel Atom Z3735F @ 1.33GHz,542
Intel Atom Z3735G @ 1.33GHz,772
Intel Atom Z3736F @ 1.33GHz,496
Intel Atom Z3740 @ 1.33GHz,638
Intel Atom Z3740D @ 1.33GHz,618
Intel Atom Z3745 @ 1.33GHz,621
Intel Atom Z3745D @ 1.33GHz,599
Intel Atom Z3770 @ 1.46GHz,728
Intel Atom Z3770D @ 1.49GHz,488
Intel Atom Z3775 @ 1.46GHz,702
Intel Atom Z3775D @ 1.49GHz,794
Intel Atom Z3795 @ 1.60GHz,1196
Intel Atom Z510 @ 1.10GHz,127
Intel Atom Z515 @ 1.20GHz,142
Intel Atom Z520 @ 1.33GHz,122
Intel Atom Z530 @ 1.60GHz,183
Intel Atom Z540 @ 1.86GHz,227
Intel Atom Z550 @ 2.00GHz,248
Intel Atom Z670 @ 1.50GHz,158
Intel CC150 @ 3.50GHz,14375
Intel Celeron 1.70GHz,101
Intel Celeron 1.80GHz,96
Intel Celeron 1000M @ 1.80GHz,1064
Intel Celeron 1000MHz,139
Intel Celeron 1005M @ 1.90GHz,1115
Intel Celeron 1007U @ 1.50GHz,842
Intel Celeron 1017U @ 1.60GHz,887
Intel Celeron 1019Y @ 1.00GHz,576
Intel Celeron 1020E @ 2.20GHz,1406
Intel Celeron 1020M @ 2.10GHz,1275
Intel Celeron 1037U @ 1.80GHz,1033
Intel Celeron 1047UE @ 1.40GHz,748
Intel Celeron 1066MHz,168
Intel Celeron 1100MHz,113
Intel Celeron 1133MHz,184
Intel Celeron 1200MHz,159
Intel Celeron 1300MHz,187
Intel Celeron 1333MHz,189
Intel Celeron 1400MHz,197
Intel Celeron 2.00GHz,125
Intel Celeron 2.10GHz,159
Intel Celeron 2.13GHz,166
Intel Celeron 2.20GHz,139
Intel Celeron 2.26GHz,182
Intel Celeron 2.30GHz,148
Intel Celeron 2.40GHz,143
Intel Celeron 2.50GHz,164
Intel Celeron 2.53GHz,222
Intel Celeron 2.60GHz,143
Intel Celeron 2.66GHz,131
Intel Celeron 2.70GHz,159
Intel Celeron 2.80GHz,190
Intel Celeron 2.93GHz,238
Intel Celeron 2000E @ 2.20GHz,1607
Intel Celeron 2002E @ 1.50GHz,1091
Intel Celeron 215 @ 1.33GHz,174
Intel Celeron 220 @ 1.20GHz,209
Intel Celeron 2950M @ 2.00GHz,1248
Intel Celeron 2955U @ 1.40GHz,905
Intel Celeron 2957U @ 1.40GHz,847
Intel Celeron 2961Y @ 1.10GHz,684
Intel Celeron 2970M @ 2.20GHz,1501
Intel Celeron 2980U @ 1.60GHz,1092
Intel Celeron 2981U @ 1.60GHz,1036
Intel Celeron 3.06GHz,307
Intel Celeron 3.20GHz,267
Intel Celeron 3.33GHz,263
Intel Celeron 3205U @ 1.50GHz,956
Intel Celeron 3215U @ 1.70GHz,1097
Intel Celeron 3755U @ 1.70GHz,1182
Intel Celeron 3765U @ 1.90GHz,1270
Intel Celeron 3855U @ 1.60GHz,1218
Intel Celeron 3865U @ 1.80GHz,1344
Intel Celeron 3867U @ 1.80GHz,1425
Intel Celeron 3955U @ 2.00GHz,1455
Intel Celeron 3965U @ 2.20GHz,1753
Intel Celeron 3965Y @ 1.50GHz,1201
Intel Celeron 420 @ 1.60GHz,231
Intel Celeron 4205U @ 1.80GHz,1343
Intel Celeron 430 @ 1.80GHz,305
Intel Celeron 4305U @ 2.20GHz,1562
Intel Celeron 4305UE @ 2.00GHz,1699
Intel Celeron 4305UT @ 2.00GHz,1222
Intel Celeron 440 @ 2.00GHz,368
Intel Celeron 450 @ 2.20GHz,433
Intel Celeron 5205U @ 1.90GHz,1428
Intel Celeron 530 @ 1.73GHz,268
Intel Celeron 5305U @ 2.30GHz,1307
Intel Celeron 540 @ 1.86GHz,305
Intel Celeron 550 @ 2.00GHz,334
Intel Celeron 560 @ 2.13GHz,339
Intel Celeron 570 @ 2.26GHz,344
Intel Celeron 600MHz,96
Intel Celeron 6305 @ 1.80GHz,2039
Intel Celeron 6305E @ 1.80GHz,2021
Intel Celeron 6600HE @ 2.60GHz,3286
Intel Celeron 6600HLE @ 2.10GHz,2614
Intel Celeron 6600HLE @ 2.60GHz,3388
Intel Celeron 723 @ 1.20GHz,213
Intel Celeron 7305,2553
Intel Celeron 7305E,2451
Intel Celeron 743 @ 1.30GHz,275
Intel Celeron 807 @ 1.50GHz,392
Intel Celeron 807UE @ 1.00GHz,241
Intel Celeron 827E @ 1.40GHz,371
Intel Celeron 847 @ 1.10GHz,510
Intel Celeron 847E @ 1.10GHz,584
Intel Celeron 857 @ 1.20GHz,569
Intel Celeron 867 @ 1.30GHz,588
Intel Celeron 877 @ 1.40GHz,677
Intel Celeron 887 @ 1.50GHz,764
Intel Celeron 900 @ 2.20GHz,409
Intel Celeron 925 @ 2.30GHz,450
Intel Celeron @ 1.30GHz,572
Intel Celeron B710 @ 1.60GHz,106
Intel Celeron B720 @ 1.70GHz,462
Intel Celeron B800 @ 1.50GHz,695
Intel Celeron B810 @ 1.60GHz,771
Intel Celeron B815 @ 1.60GHz,757
Intel Celeron B820 @ 1.70GHz,804
Intel Celeron B830 @ 1.80GHz,870
Intel Celeron B840 @ 1.90GHz,975
Intel Celeron D 347 @ 3.06GHz,232
Intel Celeron D 352 @ 3.20GHz,274
Intel Celeron D 356 @ 3.33GHz,251
Intel Celeron D 360 @ 3.46GHz,372
Intel Celeron D 365 @ 3.60GHz,337
Intel Celeron D 420 @ 1.60GHz,313
Intel Celeron D 430 @ 1.80GHz,381
Intel Celeron E1200 @ 1.60GHz,516
Intel Celeron E1400 @ 2.00GHz,735
Intel Celeron E1500 @ 2.20GHz,626
Intel Celeron E1600 @ 2.40GHz,840
Intel Celeron E3200 @ 2.40GHz,900
Intel Celeron E3300 @ 2.50GHz,877
Intel Celeron E3400 @ 2.60GHz,893
Intel Celeron E3500 @ 2.70GHz,935
Intel Celeron G1101 @ 2.27GHz,1086
Intel Celeron G1610 @ 2.60GHz,1547
Intel Celeron G1610T @ 2.30GHz,1322
Intel Celeron G1620 @ 2.70GHz,1598
Intel Celeron G1620T @ 2.40GHz,1532
Intel Celeron G1630 @ 2.80GHz,1707
Intel Celeron G1820 @ 2.70GHz,1675
Intel Celeron G1820T @ 2.40GHz,1599
Intel Celeron G1820TE @ 2.20GHz,1141
Intel Celeron G1830 @ 2.80GHz,1560
Intel Celeron G1840 @ 2.80GHz,1785
Intel Celeron G1840T @ 2.50GHz,1576
Intel Celeron G1850 @ 2.90GHz,1915
Intel Celeron G3900 @ 2.80GHz,2156
Intel Celeron G3900E @ 2.40GHz,2034
Intel Celeron G3900T @ 2.60GHz,1909
Intel Celeron G3900TE @ 2.30GHz,1850
Intel Celeron G3920 @ 2.90GHz,2333
Intel Celeron G3930 @ 2.90GHz,2249
Intel Celeron G3930T @ 2.70GHz,2023
Intel Celeron G3930TE @ 2.70GHz,2218
Intel Celeron G3950 @ 3.00GHz,2336
Intel Celeron G440 @ 1.60GHz,420
Intel Celeron G460 @ 1.80GHz,490
Intel Celeron G465 @ 1.90GHz,559
Intel Celeron G470 @ 2.00GHz,556
Intel Celeron G4900 @ 3.10GHz,2374
Intel Celeron G4900T @ 2.90GHz,2247
Intel Celeron G4920 @ 3.20GHz,2435
Intel Celeron G4930 @ 3.20GHz,2551
Intel Celeron G4930T @ 3.00GHz,2287
Intel Celeron G4950 @ 3.30GHz,2714
Intel Celeron G530 @ 2.40GHz,1150
Intel Celeron G530T @ 2.00GHz,933
Intel Celeron G540 @ 2.50GHz,1184
Intel Celeron G540T @ 2.10GHz,1137
Intel Celeron G550 @ 2.60GHz,1275
Intel Celeron G550T @ 2.20GHz,1074
Intel Celeron G555 @ 2.70GHz,1427
Intel Celeron G5900 @ 3.40GHz,2669
Intel Celeron G5900E @ 3.20GHz,1809
Intel Celeron G5900T @ 3.20GHz,2192
Intel Celeron G5905 @ 3.50GHz,2770
Intel Celeron G5905T @ 3.30GHz,2356
Intel Celeron G5920 @ 3.50GHz,2577
Intel Celeron G5925 @ 3.60GHz,2836
Intel Celeron G6900,4481
Intel Celeron G6900E,4272
Intel Celeron G6900T,3668
Intel Celeron G6900TE,2782
Intel Celeron J1750 @ 2.41GHz,538
Intel Celeron J1800 @ 2.41GHz,574
Intel Celeron J1850 @ 1.99GHz,942
Intel Celeron J1900 @ 1.99GHz,1150
Intel Celeron J3060 @ 1.60GHz,671
Intel Celeron J3160 @ 1.60GHz,1255
Intel Celeron J3355 @ 2.00GHz,1195
Intel Celeron J3455 @ 1.50GHz,2239
Intel Celeron J3455E @ 1.50GHz,2193
Intel Celeron J4005 @ 2.00GHz,1547
Intel Celeron J4025 @ 2.00GHz,1448
Intel Celeron J4105 @ 1.50GHz,2819
Intel Celeron J4115 @ 1.80GHz,2678
Intel Celeron J4125 @ 2.00GHz,2931
Intel Celeron J6412 @ 2.00GHz,3822
Intel Celeron J6413 @ 1.80GHz,3938
Intel Celeron M 1.00GHz,149
Intel Celeron M 1.30GHz,205
Intel Celeron M 1.50GHz,192
Intel Celeron M 1.60GHz,190
Intel Celeron M 1.70GHz,252
Intel Celeron M 1200MHz,179
Intel Celeron M 1300MHz,197
Intel Celeron M 1500MHz,217
Intel Celeron M 360 1.40GHz,221
Intel Celeron M 410 @ 1.46GHz,123
Intel Celeron M 420 @ 1.60GHz,139
Intel Celeron M 430 @ 1.73GHz,169
Intel Celeron M 440 @ 1.86GHz,169
Intel Celeron M 443 @ 1.20GHz,125
Intel Celeron M 450 @ 2.00GHz,230
Intel Celeron M 520 @ 1.60GHz,239
Intel Celeron M 530 @ 1.73GHz,320
Intel Celeron M 540 @ 1.86GHz,353
Intel Celeron M 600MHz,98
Intel Celeron M 723 @ 1.20GHz,267
Intel Celeron M 900MHz,123
Intel Celeron M ULV 800MHz,120
Intel Celeron N2805 @ 1.46GHz,335
Intel Celeron N2806 @ 1.60GHz,486
Intel Celeron N2807 @ 1.58GHz,497
Intel Celeron N2808 @ 1.58GHz,491
Intel Celeron N2810 @ 2.00GHz,396
Intel Celeron N2815 @ 1.86GHz,496
Intel Celeron N2820 @ 2.13GHz,507
Intel Celeron N2830 @ 2.16GHz,546
Intel Celeron N2840 @ 2.16GHz,583
Intel Celeron N2910 @ 1.60GHz,788
Intel Celeron N2920 @ 1.86GHz,941
Intel Celeron N2930 @ 1.83GHz,1029
Intel Celeron N2940 @ 1.83GHz,1055
Intel Celeron N3000 @ 1.04GHz,646
Intel Celeron N3010 @ 1.04GHz,616
Intel Celeron N3050 @ 1.60GHz,590
Intel Celeron N3060 @ 1.60GHz,654
Intel Celeron N3150 @ 1.60GHz,1179
Intel Celeron N3160 @ 1.60GHz,1185
Intel Celeron N3350 @ 1.10GHz,1113
Intel Celeron N3450 @ 1.10GHz,1978
Intel Celeron N4000 @ 1.10GHz,1430
Intel Celeron N4000C @ 1.10GHz,1456
Intel Celeron N4020 @ 1.10GHz,1537
Intel Celeron N4020C @ 1.10GHz,1539
Intel Celeron N4100 @ 1.10GHz,2454
Intel Celeron N4120 @ 1.10GHz,2458
Intel Celeron N4500 @ 1.10GHz,1795
Intel Celeron N4505 @ 2.00GHz,1995
Intel Celeron N5095 @ 2.00GHz,4007
Intel Celeron N5095A @ 2.00GHz,4048
Intel Celeron N5100 @ 1.10GHz,3307
Intel Celeron N5105 @ 2.00GHz,3993
Intel Celeron N6210 @ 1.20GHz,1915
Intel Celeron N6211 @ 1.20GHz,2245
Intel Celeron P4500 @ 1.87GHz,878
Intel Celeron P4505 @ 1.87GHz,689
Intel Celeron P4600 @ 2.00GHz,893
Intel Celeron SU2300 @ 1.20GHz,458
Intel Celeron T1600 @ 1.66GHz,569
Intel Celeron T1700 @ 1.83GHz,600
Intel Celeron U1900 @ 1.99GHz,1028
Intel Celeron U3400 @ 1.07GHz,516
Intel Celeron U3405 @ 1.07GHz,446
Intel Celeron U3600 @ 1.20GHz,539
Intel Core 3 100HL,17586
Intel Core 3 100U,12767
Intel Core 3 201E,14373
Intel Core 3 N350,7181
Intel Core 3 N355,10363
Intel Core 330 @ 1.60GHz,419
Intel Core 5 120,21517
Intel Core 5 120F,21477
Intel Core 5 120U,15745
Intel Core 5 120UL,10558
Intel Core 5 210H,18387
Intel Core 5 211EF,23988
Intel Core 5 211TE,11685
Intel Core 5 213PE,27488
Intel Core 5 220H,21821
Intel Core 5 220U,14240
Intel Core 5 221E,32646
Intel Core 5 221TE,19513
Intel Core 5 223PE,32658
Intel Core 7 150U,14956
Intel Core 7 160UL,11043
Intel Core 7 240H,24384
Intel Core 7 250H,25684
Intel Core 7 250U,15093
Intel Core 7 251TE,29105
Intel Core 7 253PE,31802
Intel Core 860 @ 2.80GHz,2754
Intel Core 9 270H,29023
Intel Core Duo L2300 @ 1.50GHz,387
Intel Core Duo L2400 @ 1.66GHz,348
Intel Core Duo L2500 @ 1.83GHz,404
Intel Core Duo T2050 @ 1.60GHz,333
Intel Core Duo T2250 @ 1.73GHz,350
Intel Core Duo T2300 @ 1.66GHz,325
Intel Core Duo T2350 @ 1.86GHz,385
Intel Core Duo T2400 @ 1.83GHz,366
Intel Core Duo T2450 @ 2.00GHz,411
Intel Core Duo T2500 @ 2.00GHz,408
Intel Core Duo T2600 @ 2.16GHz,460
Intel Core Duo T2700 @ 2.33GHz,498
Intel Core Duo U2400 @ 1.06GHz,255
Intel Core Duo U2500 @ 1.20GHz,223
Intel Core i3-1000NG4 @ 1.10GHz,3516
Intel Core i3-1005G1 @ 1.20GHz,4809
Intel Core i3-10100 @ 3.60GHz,8512
Intel Core i3-10100E @ 3.20GHz,7816
Intel Core i3-10100F @ 3.60GHz,8717
Intel Core i3-10100T @ 3.00GHz,7309
Intel Core i3-10100TE @ 2.30GHz,6371
Intel Core i3-10100Y @ 1.30GHz,2983
Intel Core i3-10105 @ 3.70GHz,8247
Intel Core i3-10105F @ 3.70GHz,8890
Intel Core i3-10105T @ 3.00GHz,7784
Intel Core i3-10110U @ 2.10GHz,3832
Intel Core i3-10110Y @ 1.00GHz,3106
Intel Core i3-1025G1 @ 1.20GHz,6122
Intel Core i3-10300 @ 3.70GHz,9290
Intel Core i3-10300T @ 3.00GHz,7868
Intel Core i3-10305 @ 3.80GHz,9210
Intel Core i3-10305T @ 3.00GHz,8512
Intel Core i3-10320 @ 3.80GHz,9988
Intel Core i3-10325 @ 3.90GHz,10291
Intel Core i3-11100B @ 3.60GHz,11357
Intel Core i3-11100HE @ 2.40GHz,11781
Intel Core i3-1110G4 @ 1.80GHz,4348
Intel Core i3-1115G4 @ 3.00GHz,5849
Intel Core i3-1115G4E @ 3.00GHz,5258
Intel Core i3-1115GRE @ 3.00GHz,4588
Intel Core i3-1125G4 @ 2.00GHz,9273
Intel Core i3-12100,12413
Intel Core i3-12100E,13599
Intel Core i3-12100F,13973
Intel Core i3-12100T,12437
Intel Core i3-12100TE,10511
Intel Core i3-1210U,9525
Intel Core i3-1215U,10223
Intel Core i3-1215UE,8331
Intel Core i3-1215UL,7817
Intel Core i3-1220P,15170
Intel Core i3-1220PE,16146
Intel Core i3-12300,14342
Intel Core i3-12300HL,20321
Intel Core i3-12300T,13075
Intel Core i3-1305U,8597
Intel Core i3-13100,14081
Intel Core i3-13100E,13727
Intel Core i3-13100F,14669
Intel Core i3-13100T,12728
Intel Core i3-13100TE,11248
Intel Core i3-1315U,11175
Intel Core i3-1315UE,9252
Intel Core i3-1315URE,9161
Intel Core i3-1320PE,11849
Intel Core i3-1320PRE,17759
Intel Core i3-13300HE,21057
Intel Core i3-14100,15159
Intel Core i3-14100F,15398
Intel Core i3-14100T,13725
Intel Core i3-2100 @ 3.10GHz,1862
Intel Core i3-2100T @ 2.50GHz,1542
Intel Core i3-2102 @ 3.10GHz,2029
Intel Core i3-2105 @ 3.10GHz,1846
Intel Core i3-21050 @ 3.10GHz,2193
Intel Core i3-2120 @ 3.30GHz,1978
Intel Core i3-2120T @ 2.60GHz,1573
Intel Core i3-2125 @ 3.30GHz,2083
Intel Core i3-2130 @ 3.40GHz,2067
Intel Core i3-2140 @ 3.50GHz,2307
Intel Core i3-2310E @ 2.10GHz,1845
Intel Core i3-2310M @ 2.10GHz,1222
Intel Core i3-2312M @ 2.10GHz,1189
Intel Core i3-2328M @ 2.20GHz,1231
Intel Core i3-2330E @ 2.20GHz,1823
Intel Core i3-2330M @ 2.20GHz,1251
Intel Core i3-2332M @ 2.20GHz,1353
Intel Core i3-2340UE @ 1.30GHz,976
Intel Core i3-2348M @ 2.30GHz,1286
Intel Core i3-2350M @ 2.30GHz,1273
Intel Core i3-2357M @ 1.30GHz,788
Intel Core i3-2365M @ 1.40GHz,812
Intel Core i3-2367M @ 1.40GHz,851
Intel Core i3-2370M @ 2.40GHz,1374
Intel Core i3-2375M @ 1.50GHz,892
Intel Core i3-2377M @ 1.50GHz,876
Intel Core i3-3110M @ 2.40GHz,1653
Intel Core i3-3120M @ 2.50GHz,1714
Intel Core i3-3130M @ 2.60GHz,1906
Intel Core i3-3210 @ 3.20GHz,2225
Intel Core i3-3217U @ 1.80GHz,1228
Intel Core i3-3217UE @ 1.60GHz,1362
Intel Core i3-3220 @ 3.30GHz,2276
Intel Core i3-3220T @ 2.80GHz,1953
Intel Core i3-3225 @ 3.30GHz,2280
Intel Core i3-3227U @ 1.90GHz,1301
Intel Core i3-3229Y @ 1.40GHz,1014
Intel Core i3-3240 @ 3.40GHz,2353
Intel Core i3-3240T @ 2.90GHz,2084
Intel Core i3-3245 @ 3.40GHz,2419
Intel Core i3-3250 @ 3.50GHz,2463
Intel Core i3-3250T @ 3.00GHz,2650
Intel Core i3-330E @ 2.13GHz,1260
Intel Core i3-330M @ 2.13GHz,1032
Intel Core i3-330UM @ 1.20GHz,543
Intel Core i3-350M @ 2.27GHz,1091
Intel Core i3-370M @ 2.40GHz,1170
Intel Core i3-380M @ 2.53GHz,1210
Intel Core i3-380UM @ 1.33GHz,748
Intel Core i3-390M @ 2.67GHz,1289
Intel Core i3-4000M @ 2.40GHz,1800
Intel Core i3-4005U @ 1.70GHz,1651
Intel Core i3-4010U @ 1.70GHz,1663
Intel Core i3-4010Y @ 1.30GHz,1358
Intel Core i3-4012Y @ 1.50GHz,1276
Intel Core i3-4020Y @ 1.50GHz,1453
Intel Core i3-4025U @ 1.90GHz,1954
Intel Core i3-4030U @ 1.90GHz,1869
Intel Core i3-4030Y @ 1.60GHz,1654
Intel Core i3-4100E @ 2.40GHz,1848
Intel Core i3-4100M @ 2.50GHz,2519
Intel Core i3-4100U @ 1.80GHz,1926
Intel Core i3-4110M @ 2.60GHz,2678
Intel Core i3-4110U @ 1.90GHz,1860
Intel Core i3-4120U @ 2.00GHz,1504
Intel Core i3-4130 @ 3.40GHz,3336
Intel Core i3-4130T @ 2.90GHz,2872
Intel Core i3-4150 @ 3.50GHz,3401
Intel Core i3-4150T @ 3.00GHz,2892
Intel Core i3-4158U @ 2.00GHz,1874
Intel Core i3-4160 @ 3.60GHz,3503
Intel Core i3-4160T @ 3.10GHz,3092
Intel Core i3-4170 @ 3.70GHz,3577
Intel Core i3-4170T @ 3.20GHz,3144
Intel Core i3-4330 @ 3.50GHz,3481
Intel Core i3-4330T @ 3.00GHz,3105
Intel Core i3-4330TE @ 2.40GHz,2022
Intel Core i3-4340 @ 3.60GHz,3510
Intel Core i3-4350 @ 3.60GHz,3613
Intel Core i3-4350T @ 3.10GHz,3156
Intel Core i3-4360 @ 3.70GHz,3644
Intel Core i3-4360T @ 3.20GHz,3294
Intel Core i3-4370 @ 3.80GHz,3861
Intel Core i3-4370T @ 3.30GHz,3361
Intel Core i3-4570T @ 2.90GHz,3244
Intel Core i3-5005U @ 2.00GHz,2011
Intel Core i3-5010U @ 2.10GHz,2151
Intel Core i3-5015U @ 2.10GHz,2008
Intel Core i3-5020U @ 2.20GHz,2218
Intel Core i3-5157U @ 2.50GHz,2593
Intel Core i3-530 @ 2.93GHz,1518
Intel Core i3-540 @ 3.07GHz,1557
Intel Core i3-550 @ 3.20GHz,1632
Intel Core i3-560 @ 3.33GHz,1642
Intel Core i3-6006U @ 2.00GHz,2274
Intel Core i3-6098P @ 3.60GHz,3971
Intel Core i3-6100 @ 3.70GHz,4100
Intel Core i3-6100E @ 2.70GHz,3315
Intel Core i3-6100H @ 2.70GHz,3008
Intel Core i3-6100T @ 3.20GHz,3628
Intel Core i3-6100TE @ 2.70GHz,3109
Intel Core i3-6100U @ 2.30GHz,2628
Intel Core i3-6102E @ 1.90GHz,2349
Intel Core i3-6157U @ 2.40GHz,2788
Intel Core i3-6167U @ 2.70GHz,3128
Intel Core i3-6300 @ 3.80GHz,4351
Intel Core i3-6300T @ 3.30GHz,3985
Intel Core i3-6320 @ 3.90GHz,4394
Intel Core i3-7020U @ 2.30GHz,2568
Intel Core i3-7100 @ 3.90GHz,4312
Intel Core i3-7100H @ 3.00GHz,3450
Intel Core i3-7100T @ 3.40GHz,3751
Intel Core i3-7100U @ 2.40GHz,2722
Intel Core i3-7101E @ 3.90GHz,4430
Intel Core i3-7101TE @ 3.40GHz,3956
Intel Core i3-7102E @ 2.10GHz,2599
Intel Core i3-7130U @ 2.70GHz,3038
Intel Core i3-7167U @ 2.80GHz,3368
Intel Core i3-7300 @ 4.00GHz,4519
Intel Core i3-7300T @ 3.50GHz,4140
Intel Core i3-7320 @ 4.10GHz,4767
Intel Core i3-7350K @ 4.20GHz,4874
Intel Core i3-8100 @ 3.60GHz,6061
Intel Core i3-8100B @ 3.60GHz,5891
Intel Core i3-8100H @ 3.00GHz,4435
Intel Core i3-8100T @ 3.10GHz,5271
Intel Core i3-8109U @ 3.00GHz,4179
Intel Core i3-8121U @ 2.20GHz,4271
Intel Core i3-8130U @ 2.20GHz,3522
Intel Core i3-8140U @ 2.10GHz,3919
Intel Core i3-8145U @ 2.10GHz,3769
Intel Core i3-8145UE @ 2.20GHz,4010
Intel Core i3-8300 @ 3.70GHz,6368
Intel Core i3-8300T @ 3.20GHz,5416
Intel Core i3-8350K @ 4.00GHz,6925
Intel Core i3-9100 @ 3.60GHz,6605
Intel Core i3-9100E @ 3.10GHz,6539
Intel Core i3-9100F @ 3.60GHz,6704
Intel Core i3-9100HL @ 1.60GHz,3454
Intel Core i3-9100T @ 3.10GHz,5628
Intel Core i3-9100TE @ 2.20GHz,4589
Intel Core i3-9300 @ 3.70GHz,7075
Intel Core i3-9300T @ 3.20GHz,6323
Intel Core i3-9320 @ 3.70GHz,7358
Intel Core i3-9350K @ 4.00GHz,7596
Intel Core i3-9350KF @ 4.00GHz,7602
Intel Core i3-N300,8132
Intel Core i3-N305,9559
Intel Core i5 750S @ 2.40GHz,1326
Intel Core i5 E 520 @ 2.40GHz,1619
Intel Core i5-10200H @ 2.40GHz,7985
Intel Core i5-10210U @ 1.60GHz,6065
Intel Core i5-10210Y @ 1.00GHz,4068
Intel Core i5-10300H @ 2.50GHz,8194
Intel Core i5-1030NG7 @ 1.10GHz,5601
Intel Core i5-10310U @ 1.70GHz,5893
Intel Core i5-1035G1 @ 1.00GHz,7145
Intel Core i5-1035G4 @ 1.10GHz,7626
Intel Core i5-1035G7 @ 1.20GHz,7933
Intel Core i5-1038NG7 @ 2.00GHz,8796
Intel Core i5-10400 @ 2.90GHz,11986
Intel Core i5-10400F @ 2.90GHz,12107
Intel Core i5-10400H @ 2.60GHz,8241
Intel Core i5-10400T @ 2.00GHz,9805
Intel Core i5-10500 @ 3.10GHz,12986
Intel Core i5-10500E @ 3.10GHz,11368
Intel Core i5-10500H @ 2.50GHz,10978
Intel Core i5-10500T @ 2.30GHz,10188
Intel Core i5-10500TE @ 2.30GHz,8864
Intel Core i5-10505 @ 3.20GHz,12072
Intel Core i5-10600 @ 3.30GHz,13546
Intel Core i5-10600K @ 4.10GHz,14253
Intel Core i5-10600KF @ 4.10GHz,14119
Intel Core i5-10600T @ 2.40GHz,11537
Intel Core i5-11260H @ 2.60GHz,15318
Intel Core i5-11300H @ 3.10GHz,10764
Intel Core i5-1130G7 @ 1.10GHz,8222
Intel Core i5-11320H @ 3.20GHz,10823
Intel Core i5-1135G7 @ 2.40GHz,9382
Intel Core i5-11400 @ 2.60GHz,16664
Intel Core i5-11400F @ 2.60GHz,16894
Intel Core i5-11400H @ 2.70GHz,15196
Intel Core i5-11400T @ 1.30GHz,13074
Intel Core i5-1140G7 @ 1.10GHz,8510
Intel Core i5-1145G7 @ 2.60GHz,9225
Intel Core i5-1145G7E @ 2.60GHz,9178
Intel Core i5-1145GRE @ 2.60GHz,8207
Intel Core i5-11500 @ 2.70GHz,17065
Intel Core i5-11500B @ 3.30GHz,17075
Intel Core i5-11500H @ 2.90GHz,15547
Intel Core i5-11500T @ 1.50GHz,12749
Intel Core i5-1155G7 @ 2.50GHz,9627
Intel Core i5-11600 @ 2.80GHz,17954
Intel Core i5-11600K @ 3.90GHz,19509
Intel Core i5-11600KF @ 3.90GHz,19443
Intel Core i5-11600T @ 1.70GHz,14447
Intel Core i5-1230U,11097
Intel Core i5-1235U,12639
Intel Core i5-12400,18785
Intel Core i5-12400F,19593
Intel Core i5-12400T,15547
Intel Core i5-1240P,16031
Intel Core i5-1240U,13832
Intel Core i5-12450H,16032
Intel Core i5-12450HX,17891
Intel Core i5-1245U,12905
Intel Core i5-1245UE,9473
Intel Core i5-1245UL,15357
Intel Core i5-12490F,20369
Intel Core i5-12500,19736
Intel Core i5-12500E,20585
Intel Core i5-12500H,20437
Intel Core i5-12500HL,23366
Intel Core i5-12500T,16368
Intel Core i5-12500TE,15472
Intel Core i5-1250P,18986
Intel Core i5-1250PE,18365
Intel Core i5-12600,21353
Intel Core i5-12600H,20818
Intel Core i5-12600HE,22827
Intel Core i5-12600HL,23615
Intel Core i5-12600HX,24335
Intel Core i5-12600K,27554
Intel Core i5-12600KF,27550
Intel Core i5-12600T,17420
Intel Core i5-1334U,13118
Intel Core i5-1335U,13976
Intel Core i5-1335UE,11647
Intel Core i5-13400,23836
Intel Core i5-13400E,27000
Intel Core i5-13400EF,26594
Intel Core i5-13400F,24988
Intel Core i5-13400T,20301
Intel Core i5-1340P,18468
Intel Core i5-1340PE,18490
Intel Core i5-13420H,17035
Intel Core i5-13450HX,24889
Intel Core i5-1345U,14104
Intel Core i5-1345UE,9577
Intel Core i5-1345URE,10981
Intel Core i5-13490F,26665
Intel Core i5-13500,30978
Intel Core i5-13500E,25718
Intel Core i5-13500H,21053
Intel Core i5-13500HX,27724
Intel Core i5-13500T,22534
Intel Core i5-13500TE,20511
Intel Core i5-1350P,18800
Intel Core i5-1350PRE,19945
Intel Core i5-13600,31442
Intel Core i5-13600H,22842
Intel Core i5-13600HE,23483
Intel Core i5-13600HRE,14591
Intel Core i5-13600HX,27477
Intel Core i5-13600K,37562
Intel Core i5-13600KF,37392
Intel Core i5-13600T,28107
Intel Core i5-14400,25229
Intel Core i5-14400F,25600
Intel Core i5-14400T,20678
Intel Core i5-14450HX,23668
Intel Core i5-14490F,26545
Intel Core i5-14500,30998
Intel Core i5-14500HX,28306
Intel Core i5-14500T,22991
Intel Core i5-14600,35074
Intel Core i5-14600K,38482
Intel Core i5-14600KF,38470
Intel Core i5-14600T,27180
Intel Core i5-2300 @ 2.80GHz,3470
Intel Core i5-2310 @ 2.90GHz,3664
Intel Core i5-2320 @ 3.00GHz,3690
Intel Core i5-2380P @ 3.10GHz,3636
Intel Core i5-2390T @ 2.70GHz,2497
Intel Core i5-2400 @ 3.10GHz,3861
Intel Core i5-2400S @ 2.50GHz,3185
Intel Core i5-24050S @ 2.50GHz,3061
Intel Core i5-2405S @ 2.50GHz,3400
Intel Core i5-2410M @ 2.30GHz,1958
Intel Core i5-2415M @ 2.30GHz,1942
Intel Core i5-2430M @ 2.40GHz,2021
Intel Core i5-2435M @ 2.40GHz,2031
Intel Core i5-2450M @ 2.50GHz,2077
Intel Core i5-2450P @ 3.20GHz,4273
Intel Core i5-2467M @ 1.60GHz,1400
Intel Core i5-2500 @ 3.30GHz,4099
Intel Core i5-2500K @ 3.30GHz,4141
Intel Core i5-2500S @ 2.70GHz,3376
Intel Core i5-2500T @ 2.30GHz,2929
Intel Core i5-2510E @ 2.50GHz,1884
Intel Core i5-2515E @ 2.50GHz,1882
Intel Core i5-2520M @ 2.50GHz,2244
Intel Core i5-2537M @ 1.40GHz,1134
Intel Core i5-2540M @ 2.60GHz,2344
Intel Core i5-2550K @ 3.40GHz,4228
Intel Core i5-2557M @ 1.70GHz,1641
Intel Core i5-2560M @ 2.70GHz,2397
Intel Core i5-3170K @ 3.20GHz,8882
Intel Core i5-3210M @ 2.50GHz,2464
Intel Core i5-3230M @ 2.60GHz,2569
Intel Core i5-3317U @ 1.70GHz,2013
Intel Core i5-3320M @ 2.60GHz,2656
Intel Core i5-3330 @ 3.00GHz,4100
Intel Core i5-3330S @ 2.70GHz,3913
Intel Core i5-3335S @ 2.70GHz,3672
Intel Core i5-3337U @ 1.80GHz,2089
Intel Core i5-3339Y @ 1.50GHz,1589
Intel Core i5-3340 @ 3.10GHz,4257
Intel Core i5-3340M @ 2.70GHz,2681
Intel Core i5-3340S @ 2.80GHz,3976
Intel Core i5-3350P @ 3.10GHz,4325
Intel Core i5-3360M @ 2.80GHz,2883
Intel Core i5-3380M @ 2.90GHz,2944
Intel Core i5-3427U @ 1.80GHz,2250
Intel Core i5-3437U @ 1.90GHz,2170
Intel Core i5-3439Y @ 1.50GHz,1957
Intel Core i5-3450 @ 3.10GHz,4517
Intel Core i5-3450S @ 2.80GHz,4401
Intel Core i5-3470 @ 3.20GHz,4661
Intel Core i5-3470S @ 2.90GHz,4374
Intel Core i5-3470T @ 2.90GHz,3008
Intel Core i5-3475S @ 2.90GHz,4325
Intel Core i5-3550 @ 3.30GHz,4785
Intel Core i5-3550S @ 3.00GHz,4480
Intel Core i5-3570 @ 3.40GHz,4929
Intel Core i5-3570K @ 3.40GHz,4972
Intel Core i5-3570S @ 3.10GHz,4692
Intel Core i5-3570T @ 2.30GHz,3875
Intel Core i5-3610ME @ 2.70GHz,2694
Intel Core i5-4200H @ 2.80GHz,3049
Intel Core i5-4200M @ 2.50GHz,2810
Intel Core i5-4200U @ 1.60GHz,2176
Intel Core i5-4200Y @ 1.40GHz,1558
Intel Core i5-4202Y @ 1.60GHz,1552
Intel Core i5-4210H @ 2.90GHz,3091
Intel Core i5-4210M @ 2.60GHz,2905
Intel Core i5-4210U @ 1.70GHz,2314
Intel Core i5-4210Y @ 1.50GHz,1532
Intel Core i5-4220Y @ 1.60GHz,1719
Intel Core i5-4230U @ 1.90GHz,1853
Intel Core i5-4250U @ 1.30GHz,2128
Intel Core i5-4258U @ 2.40GHz,2617
Intel Core i5-4260U @ 1.40GHz,2309
Intel Core i5-4278U @ 2.60GHz,2824
Intel Core i5-4288U @ 2.60GHz,2669
Intel Core i5-4300M @ 2.60GHz,2955
Intel Core i5-4300U @ 1.90GHz,2489
Intel Core i5-4300Y @ 1.60GHz,1485
Intel Core i5-4302Y @ 1.60GHz,1580
Intel Core i5-4308U @ 2.80GHz,2990
Intel Core i5-430M @ 2.27GHz,1211
Intel Core i5-430UM @ 1.20GHz,627
Intel Core i5-4310M @ 2.70GHz,3048
Intel Core i5-4310U @ 2.00GHz,2532
Intel Core i5-4330M @ 2.80GHz,3210
Intel Core i5-4340M @ 2.90GHz,3380
Intel Core i5-4350U @ 1.40GHz,2425
Intel Core i5-4400E @ 2.70GHz,3251
Intel Core i5-4402E @ 1.60GHz,2681
Intel Core i5-4422E @ 1.80GHz,1907
Intel Core i5-4430 @ 3.00GHz,4667
Intel Core i5-4430S @ 2.70GHz,4384
Intel Core i5-4440 @ 3.10GHz,4794
Intel Core i5-4440S @ 2.80GHz,4387
Intel Core i5-4460 @ 3.20GHz,4923
Intel Core i5-4460S @ 2.90GHz,4644
Intel Core i5-4460T @ 1.90GHz,3652
Intel Core i5-4470 @ 3.30GHz,4491
Intel Core i5-4470S @ 3.00GHz,4742
Intel Core i5-450M @ 2.40GHz,1263
Intel Core i5-4570 @ 3.20GHz,5233
Intel Core i5-4570R @ 2.70GHz,4575
Intel Core i5-4570S @ 2.90GHz,5016
Intel Core i5-4570T @ 2.90GHz,3216
Intel Core i5-4570TE @ 2.70GHz,3131
Intel Core i5-4590 @ 3.30GHz,5380
Intel Core i5-4590S @ 3.00GHz,5124
Intel Core i5-4590T @ 2.00GHz,4065
Intel Core i5-460M @ 2.53GHz,1320
Intel Core i5-4670 @ 3.40GHz,5483
Intel Core i5-4670K @ 3.40GHz,5582
Intel Core i5-4670K CPT @ 3.40GHz,5034
Intel Core i5-4670R @ 3.00GHz,5233
Intel Core i5-4670S @ 3.10GHz,5257
Intel Core i5-4670T @ 2.30GHz,4489
Intel Core i5-4690 @ 3.50GHz,5590
Intel Core i5-4690K @ 3.50GHz,5686
Intel Core i5-4690S @ 3.20GHz,5476
Intel Core i5-4690T @ 2.50GHz,4615
Intel Core i5-470UM @ 1.33GHz,788
Intel Core i5-480M @ 2.67GHz,1329
Intel Core i5-520 @ 2.40GHz,1556
Intel Core i5-5200U @ 2.20GHz,2503
Intel Core i5-520M @ 2.40GHz,1730
Intel Core i5-520UM @ 1.07GHz,932
Intel Core i5-5250U @ 1.60GHz,2448
Intel Core i5-5257U @ 2.70GHz,2833
Intel Core i5-5287U @ 2.90GHz,3076
Intel Core i5-5300U @ 2.30GHz,2703
Intel Core i5-5350U @ 1.80GHz,2588
Intel Core i5-540M @ 2.53GHz,1796
Intel Core i5-540UM @ 1.20GHz,1002
Intel Core i5-5575R @ 2.80GHz,5077
Intel Core i5-560M @ 2.67GHz,1892
Intel Core i5-560UM @ 1.33GHz,1015
Intel Core i5-5675C @ 3.10GHz,5750
Intel Core i5-5675R @ 3.10GHz,5560
Intel Core i5-580M @ 2.67GHz,1987
Intel Core i5-6198DU @ 2.30GHz,3109
Intel Core i5-6200U @ 2.30GHz,2989
Intel Core i5-6260U @ 1.80GHz,3186
Intel Core i5-6267U @ 2.90GHz,3363
Intel Core i5-6287U @ 3.10GHz,3801
Intel Core i5-6300HQ @ 2.30GHz,4669
Intel Core i5-6300U @ 2.40GHz,3202
Intel Core i5-6350HQ @ 2.30GHz,4255
Intel Core i5-6360U @ 2.00GHz,3120
Intel Core i5-6400 @ 2.70GHz,5175
Intel Core i5-6400T @ 2.20GHz,4253
Intel Core i5-6402P @ 2.80GHz,5359
Intel Core i5-6440EQ @ 2.70GHz,5329
Intel Core i5-6440HQ @ 2.60GHz,5011
Intel Core i5-6442EQ @ 1.90GHz,4483
Intel Core i5-650 @ 3.20GHz,2257
Intel Core i5-6500 @ 3.20GHz,5604
Intel Core i5-6500T @ 2.50GHz,4770
Intel Core i5-6500TE @ 2.30GHz,4962
Intel Core i5-655K @ 3.20GHz,2017
Intel Core i5-660 @ 3.33GHz,2397
Intel Core i5-6600 @ 3.30GHz,6070
Intel Core i5-6600K @ 3.50GHz,6300
Intel Core i5-6600T @ 2.70GHz,5572
Intel Core i5-661 @ 3.33GHz,2387
Intel Core i5-670 @ 3.47GHz,2553
Intel Core i5-680 @ 3.60GHz,2620
Intel Core i5-7200U @ 2.50GHz,3369
Intel Core i5-7260U @ 2.20GHz,3960
Intel Core i5-7267U @ 3.10GHz,3625
Intel Core i5-7287U @ 3.30GHz,3743
Intel Core i5-7300HQ @ 2.50GHz,5081
Intel Core i5-7300U @ 2.60GHz,3632
Intel Core i5-7360U @ 2.30GHz,3828
Intel Core i5-7400 @ 3.00GHz,5477
Intel Core i5-7400T @ 2.40GHz,4701
Intel Core i5-7440EQ @ 2.90GHz,5711
Intel Core i5-7440HQ @ 2.80GHz,5449
Intel Core i5-7442EQ @ 2.10GHz,4834
Intel Core i5-750 @ 2.67GHz,2548
Intel Core i5-7500 @ 3.40GHz,6032
Intel Core i5-7500T @ 2.70GHz,5238
Intel Core i5-760 @ 2.80GHz,2677
Intel Core i5-7600 @ 3.50GHz,6581
Intel Core i5-7600K @ 3.80GHz,6819
Intel Core i5-7600T @ 2.80GHz,5822
Intel Core i5-760S @ 2.53GHz,5440
Intel Core i5-7640X @ 4.00GHz,7096
Intel Core i5-7Y54 @ 1.20GHz,2584
Intel Core i5-7Y57 @ 1.20GHz,2550
Intel Core i5-8200Y @ 1.30GHz,2239
Intel Core i5-8210Y @ 1.60GHz,2726
Intel Core i5-8250U @ 1.60GHz,5802
Intel Core i5-8257U @ 1.40GHz,7402
Intel Core i5-8259U @ 2.30GHz,7818
Intel Core i5-8260U @ 1.60GHz,7283
Intel Core i5-8265U @ 1.60GHz,5803
Intel Core i5-8265UC @ 1.60GHz,5274
Intel Core i5-8269U @ 2.60GHz,7111
Intel Core i5-8279U @ 2.40GHz,7429
Intel Core i5-8300H @ 2.30GHz,7364
Intel Core i5-8305G @ 2.80GHz,6905
Intel Core i5-8350U @ 1.70GHz,6102
Intel Core i5-8365U @ 1.60GHz,5953
Intel Core i5-8365UE @ 1.60GHz,5504
Intel Core i5-8400 @ 2.80GHz,9231
Intel Core i5-8400H @ 2.50GHz,7495
Intel Core i5-8400T @ 1.70GHz,7420
Intel Core i5-8500 @ 3.00GHz,9511
Intel Core i5-8500B @ 3.00GHz,8839
Intel Core i5-8500T @ 2.10GHz,7724
Intel Core i5-8600 @ 3.10GHz,9961
Intel Core i5-8600K @ 3.60GHz,10141
Intel Core i5-8600T @ 2.30GHz,9183
Intel Core i5-9300H @ 2.40GHz,7427
Intel Core i5-9300HF @ 2.40GHz,7248
Intel Core i5-9400 @ 2.90GHz,9374
Intel Core i5-9400F @ 2.90GHz,9461
Intel Core i5-9400H @ 2.50GHz,7809
Intel Core i5-9400T @ 1.80GHz,8146
Intel Core i5-9500 @ 3.00GHz,9856
Intel Core i5-9500E @ 3.00GHz,9104
Intel Core i5-9500F @ 3.00GHz,9976
Intel Core i5-9500T @ 2.20GHz,8061
Intel Core i5-9500TE @ 2.20GHz,9772
Intel Core i5-9600 @ 3.10GHz,10347
Intel Core i5-9600K @ 3.70GHz,10656
Intel Core i5-9600KF @ 3.70GHz,10648
Intel Core i5-9600T @ 2.30GHz,9585
Intel Core i5-L16G7 @ 1.40GHz,3287
Intel Core i7-10510U @ 1.80GHz,6381
Intel Core i7-10510Y @ 1.20GHz,3554
Intel Core i7-1060NG7 @ 1.20GHz,6461
Intel Core i7-10610U @ 1.80GHz,6585
Intel Core i7-1065G7 @ 1.30GHz,8125
Intel Core i7-1068NG7 @ 2.30GHz,9160
Intel Core i7-10700 @ 2.90GHz,16034
Intel Core i7-10700E @ 2.90GHz,16086
Intel Core i7-10700F @ 2.90GHz,16099
Intel Core i7-10700K @ 3.80GHz,18535
Intel Core i7-10700KF @ 3.80GHz,18341
Intel Core i7-10700T @ 2.00GHz,12907
Intel Core i7-10700TE @ 2.00GHz,13505
Intel Core i7-10710U @ 1.10GHz,9227
Intel Core i7-10750H @ 2.60GHz,11479
Intel Core i7-10810U @ 1.10GHz,8036
Intel Core i7-10850H @ 2.70GHz,11560
Intel Core i7-10870H @ 2.20GHz,13993
Intel Core i7-10875H @ 2.30GHz,14459
Intel Core i7-110 @4 .30GHz,22861
Intel Core i7-11370H @ 3.30GHz,11547
Intel Core i7-11375H @ 3.30GHz,11715
Intel Core i7-11390H @ 3.40GHz,9739
Intel Core i7-11600H @ 2.90GHz,15435
Intel Core i7-1160G7 @ 1.20GHz,8715
Intel Core i7-1165G7 @ 2.80GHz,9820
Intel Core i7-11700 @ 2.50GHz,20645
Intel Core i7-11700B @ 3.20GHz,21572
Intel Core i7-11700F @ 2.50GHz,20779
Intel Core i7-11700K @ 3.60GHz,24346
Intel Core i7-11700KF @ 3.60GHz,23826
Intel Core i7-11700T @ 1.40GHz,15319
Intel Core i7-11800H @ 2.30GHz,19740
Intel Core i7-1180G7 @ 1.30GHz,7836
Intel Core i7-11850H @ 2.50GHz,19799
Intel Core i7-11850HE @ 2.60GHz,20111
Intel Core i7-1185G7 @ 3.00GHz,9979
Intel Core i7-1185G7E @ 2.80GHz,9880
Intel Core i7-1185GRE @ 2.80GHz,7767
Intel Core i7-1195G7 @ 2.90GHz,10411
Intel Core i7-1250U,11278
Intel Core i7-1255U,12999
Intel Core i7-1260P,16575
Intel Core i7-1260U,13256
Intel Core i7-12650H,21581
Intel Core i7-12650HX,22875
Intel Core i7-1265U,13196
Intel Core i7-1265UE,10183
Intel Core i7-1265UL,18294
Intel Core i7-12700,29956
Intel Core i7-12700E,28437
Intel Core i7-12700F,30301
Intel Core i7-12700H,25225
Intel Core i7-12700K,34302
Intel Core i7-12700KF,34020
Intel Core i7-12700T,21203
Intel Core i7-12700TE,19259
Intel Core i7-1270P,16449
Intel Core i7-1270PE,16740
Intel Core i7-12800H,23914
Intel Core i7-12800HE,26096
Intel Core i7-12800HX,31268
Intel Core i7-1280P,20054
Intel Core i7-12850HX,30694
Intel Core i7-1355U,14016
Intel Core i7-1360P,18472
Intel Core i7-13620H,23508
Intel Core i7-13650HX,30397
Intel Core i7-1365U,13799
Intel Core i7-1365UE,10829
Intel Core i7-1365URE,10863
Intel Core i7-13700,36157
Intel Core i7-13700E,33384
Intel Core i7-13700F,37998
Intel Core i7-13700H,26053
Intel Core i7-13700HX,31923
Intel Core i7-13700K,45731
Intel Core i7-13700KF,45621
Intel Core i7-13700T,27797
Intel Core i7-13700TE,21749
Intel Core i7-13705H,25627
Intel Core i7-1370P,20000
Intel Core i7-1370PE,17340
Intel Core i7-1370PRE,19197
Intel Core i7-13790F,42202
Intel Core i7-13800H,26268
Intel Core i7-13800HRE,19845
Intel Core i7-13850HX,36426
Intel Core i7-14650HX,33960
Intel Core i7-14700,40753
Intel Core i7-14700F,41438
Intel Core i7-14700HX,36938
Intel Core i7-14700K,52081
Intel Core i7-14700KF,52168
Intel Core i7-14700T,31112
Intel Core i7-14701E,26021
Intel Core i7-14701TE,26039
Intel Core i7-14790F,41012
Intel Core i7-2600 @ 3.40GHz,5341
Intel Core i7-2600K @ 3.40GHz,5479
Intel Core i7-2600S @ 2.80GHz,4632
Intel Core i7-2610UE @ 1.50GHz,1527
Intel Core i7-2617M @ 1.50GHz,1687
Intel Core i7-2620M @ 2.70GHz,2426
Intel Core i7-2630QM @ 2.00GHz,3556
Intel Core i7-2630UM @ 1.60GHz,400
Intel Core i7-2635QM @ 2.00GHz,3476
Intel Core i7-2637M @ 1.70GHz,1903
Intel Core i7-2640M @ 2.80GHz,2455
Intel Core i7-2655LE @ 2.20GHz,1999
Intel Core i7-2670QM @ 2.20GHz,3733
Intel Core i7-2675QM @ 2.20GHz,3692
Intel Core i7-2677M @ 1.80GHz,1882
Intel Core i7-2700K @ 3.50GHz,5694
Intel Core i7-2710QE @ 2.10GHz,3749
Intel Core i7-2715QE @ 2.10GHz,3221
Intel Core i7-2720QM @ 2.20GHz,4025
Intel Core i7-2760QM @ 2.40GHz,4299
Intel Core i7-2820QM @ 2.30GHz,4357
Intel Core i7-2840QM @ 2.40GHz,3842
Intel Core i7-2860QM @ 2.50GHz,4585
Intel Core i7-2920XM @ 2.50GHz,4318
Intel Core i7-2960XM @ 2.70GHz,4646
Intel Core i7-3517U @ 1.90GHz,2102
Intel Core i7-3517UE @ 1.70GHz,2384
Intel Core i7-3520M @ 2.90GHz,2841
Intel Core i7-3537U @ 2.00GHz,2348
Intel Core i7-3540M @ 3.00GHz,2985
Intel Core i7-3555LE @ 2.50GHz,2195
Intel Core i7-3610QE @ 2.30GHz,5333
Intel Core i7-3610QM @ 2.30GHz,5144
Intel Core i7-3612QE @ 2.10GHz,4929
Intel Core i7-3612QM @ 2.10GHz,4657
Intel Core i7-3615QE @ 2.30GHz,5617
Intel Core i7-3615QM @ 2.30GHz,5164
Intel Core i7-3630QM @ 2.40GHz,5129
Intel Core i7-3632QM @ 2.20GHz,4747
Intel Core i7-3635QM @ 2.40GHz,4775
Intel Core i7-3667U @ 2.00GHz,2458
Intel Core i7-3687U @ 2.10GHz,2621
Intel Core i7-3689Y @ 1.50GHz,1967
Intel Core i7-3720QM @ 2.60GHz,5581
Intel Core i7-3740QM @ 2.70GHz,5710
Intel Core i7-3770 @ 3.40GHz,6414
Intel Core i7-3770K @ 3.50GHz,6506
Intel Core i7-3770S @ 3.10GHz,6175
Intel Core i7-3770T @ 2.50GHz,5416
Intel Core i7-3820 @ 3.60GHz,5790
Intel Core i7-3820QM @ 2.70GHz,5598
Intel Core i7-3840QM @ 2.80GHz,5837
Intel Core i7-3920XM @ 2.90GHz,5745
Intel Core i7-3930K @ 3.20GHz,8200
Intel Core i7-3940XM @ 3.00GHz,6012
Intel Core i7-3960X @ 3.30GHz,8409
Intel Core i7-3970X @ 3.50GHz,8603
Intel Core i7-4500U @ 1.80GHz,2489
Intel Core i7-4510U @ 2.00GHz,2637
Intel Core i7-4550U @ 1.50GHz,2307
Intel Core i7-4558U @ 2.80GHz,2964
Intel Core i7-4560U @ 1.60GHz,2473
Intel Core i7-4578U @ 3.00GHz,3058
Intel Core i7-4600M @ 2.90GHz,3217
Intel Core i7-4600U @ 2.10GHz,2708
Intel Core i7-4610M @ 3.00GHz,3260
Intel Core i7-4610Y @ 1.70GHz,2446
Intel Core i7-4650U @ 1.70GHz,2461
Intel Core i7-4700EQ @ 2.40GHz,5417
Intel Core i7-4700HQ @ 2.40GHz,5584
Intel Core i7-4700MQ @ 2.40GHz,5350
Intel Core i7-4702HQ @ 2.20GHz,5421
Intel Core i7-4702MQ @ 2.20GHz,5175
Intel Core i7-4710HQ @ 2.50GHz,5541
Intel Core i7-4710MQ @ 2.50GHz,5789
Intel Core i7-4712HQ @ 2.30GHz,5332
Intel Core i7-4712MQ @ 2.30GHz,5325
Intel Core i7-4720HQ @ 2.60GHz,5727
Intel Core i7-4722HQ @ 2.40GHz,5741
Intel Core i7-4750HQ @ 2.00GHz,5643
Intel Core i7-4760HQ @ 2.10GHz,6300
Intel Core i7-4765T @ 2.00GHz,5034
Intel Core i7-4770 @ 3.40GHz,7065
Intel Core i7-4770HQ @ 2.20GHz,6024
Intel Core i7-4770K @ 3.50GHz,7143
Intel Core i7-4770R @ 3.20GHz,6561
Intel Core i7-4770S @ 3.10GHz,6730
Intel Core i7-4770T @ 2.50GHz,5798
Intel Core i7-4770TE @ 2.30GHz,5015
Intel Core i7-4771 @ 3.50GHz,7147
Intel Core i7-4785T @ 2.20GHz,5497
Intel Core i7-4790 @ 3.60GHz,7261
Intel Core i7-4790K @ 4.00GHz,8063
Intel Core i7-4790S @ 3.20GHz,6971
Intel Core i7-4790T @ 2.70GHz,6303
Intel Core i7-4800MQ @ 2.70GHz,5777
Intel Core i7-4810MQ @ 2.80GHz,6042
Intel Core i7-4820K @ 3.70GHz,6513
Intel Core i7-4850HQ @ 2.30GHz,6134
Intel Core i7-4860EQ @ 1.80GHz,5508
Intel Core i7-4860HQ @ 2.40GHz,6232
Intel Core i7-4870HQ @ 2.50GHz,6311
Intel Core i7-4900MQ @ 2.80GHz,6200
Intel Core i7-4910MQ @ 2.90GHz,6281
Intel Core i7-4930K @ 3.40GHz,9378
Intel Core i7-4930MX @ 3.00GHz,6391
Intel Core i7-4940MX @ 3.10GHz,6764
Intel Core i7-4960HQ @ 2.60GHz,6368
Intel Core i7-4960X @ 3.60GHz,9933
Intel Core i7-4980HQ @ 2.80GHz,6529
Intel Core i7-5500U @ 2.40GHz,2804
Intel Core i7-5550U @ 2.00GHz,2780
Intel Core i7-5557U @ 3.10GHz,3162
Intel Core i7-5600U @ 2.60GHz,2996
Intel Core i7-5650U @ 2.20GHz,3004
Intel Core i7-5675C @ 3.10GHz,6089
Intel Core i7-5700EQ @ 2.60GHz,5803
Intel Core i7-5700HQ @ 2.70GHz,6063
Intel Core i7-5775C @ 3.30GHz,7717
Intel Core i7-5775R @ 3.30GHz,7604
Intel Core i7-5820K @ 3.30GHz,9829
Intel Core i7-5850EQ @ 2.70GHz,7036
Intel Core i7-5850HQ @ 2.70GHz,6866
Intel Core i7-5930K @ 3.50GHz,10348
Intel Core i7-5950HQ @ 2.90GHz,7667
Intel Core i7-5960X @ 3.00GHz,13661
Intel Core i7-610 @ 2.53GHz,1365
Intel Core i7-610E @ 2.53GHz,2071
Intel Core i7-620LM @ 2.00GHz,1457
Intel Core i7-620M @ 2.67GHz,1981
Intel Core i7-620UM @ 1.07GHz,1091
Intel Core i7-640LM @ 2.13GHz,1534
Intel Core i7-640M @ 2.80GHz,2100
Intel Core i7-640UM @ 1.20GHz,1168
Intel Core i7-6498DU @ 2.50GHz,3372
Intel Core i7-6500U @ 2.50GHz,3275
Intel Core i7-6560U @ 2.20GHz,3332
Intel Core i7-6567U @ 3.30GHz,3656
Intel Core i7-6600U @ 2.60GHz,3401
Intel Core i7-660UM @ 1.33GHz,1279
Intel Core i7-6650U @ 2.20GHz,3565
Intel Core i7-6660U @ 2.40GHz,3636
Intel Core i7-6700 @ 3.40GHz,8037
Intel Core i7-6700HQ @ 2.60GHz,6523
Intel Core i7-6700K @ 4.00GHz,8938
Intel Core i7-6700T @ 2.80GHz,6993
Intel Core i7-6700TE @ 2.40GHz,6204
Intel Core i7-6770HQ @ 2.60GHz,7044
Intel Core i7-6800K @ 3.40GHz,10718
Intel Core i7-680UM @ 1.47GHz,1196
Intel Core i7-6820EQ @ 2.80GHz,7025
Intel Core i7-6820HK @ 2.70GHz,7042
Intel Core i7-6820HQ @ 2.70GHz,6759
Intel Core i7-6822EQ @ 2.00GHz,5550
Intel Core i7-6850K @ 3.60GHz,11372
Intel Core i7-6900K @ 3.20GHz,14649
Intel Core i7-6920HQ @ 2.90GHz,7258
Intel Core i7-6950X @ 3.00GHz,17586
Intel Core i7-6970HQ @ 2.80GHz,4632
Intel Core i7-720QM @ 1.60GHz,1676
Intel Core i7-740QM @ 1.73GHz,1844
Intel Core i7-7500U @ 2.70GHz,3635
Intel Core i7-7560U @ 2.40GHz,3830
Intel Core i7-7567U @ 3.50GHz,4116
Intel Core i7-7600U @ 2.80GHz,3693
Intel Core i7-7660U @ 2.50GHz,4030
Intel Core i7-7700 @ 3.60GHz,8644
Intel Core i7-7700HQ @ 2.80GHz,6883
Intel Core i7-7700K @ 4.20GHz,9634
Intel Core i7-7700T @ 2.90GHz,7523
Intel Core i7-7740X @ 4.30GHz,9689
Intel Core i7-7800X @ 3.50GHz,12990
Intel Core i7-7820EQ @ 3.00GHz,7061
Intel Core i7-7820HK @ 2.90GHz,7405
Intel Core i7-7820HQ @ 2.90GHz,7158
Intel Core i7-7820X @ 3.60GHz,17193
Intel Core i7-7900X @ 3.30GHz,20363
Intel Core i7-7920HQ @ 3.10GHz,7278
Intel Core i7-7Y75 @ 1.30GHz,2537
Intel Core i7-8086K @ 4.00GHz,14064
Intel Core i7-820QM @ 1.73GHz,1834
Intel Core i7-840QM @ 1.87GHz,2038
Intel Core i7-8500Y @ 1.50GHz,2443
Intel Core i7-8550U @ 1.80GHz,5797
Intel Core i7-8557U @ 1.70GHz,7281
Intel Core i7-8559U @ 2.70GHz,8243
Intel Core i7-8565U @ 1.80GHz,5964
Intel Core i7-8565UC @ 1.80GHz,6187
Intel Core i7-8569U @ 2.80GHz,8163
Intel Core i7-860 @ 2.80GHz,3023
Intel Core i7-860S @ 2.53GHz,2365
Intel Core i7-8650U @ 1.90GHz,6189
Intel Core i7-8665U @ 1.90GHz,6193
Intel Core i7-8665UE @ 1.70GHz,4852
Intel Core i7-870 @ 2.93GHz,3167
Intel Core i7-8700 @ 3.20GHz,12748
Intel Core i7-8700B @ 3.20GHz,11781
Intel Core i7-8700K @ 3.70GHz,13572
Intel Core i7-8700T @ 2.40GHz,10224
Intel Core i7-8705G @ 3.10GHz,7640
Intel Core i7-8706G @ 3.10GHz,7492
Intel Core i7-8709G @ 3.10GHz,7934
Intel Core i7-870S @ 2.67GHz,2765
Intel Core i7-8750H @ 2.20GHz,9753
Intel Core i7-875K @ 2.93GHz,3186
Intel Core i7-880 @ 3.07GHz,3429
Intel Core i7-8809G @ 3.10GHz,8452
Intel Core i7-8850H @ 2.60GHz,10054
Intel Core i7-920 @ 2.67GHz,2868
Intel Core i7-920XM @ 2.00GHz,2014
Intel Core i7-930 @ 2.80GHz,3005
Intel Core i7-940 @ 2.93GHz,3050
Intel Core i7-940XM @ 2.13GHz,2269
Intel Core i7-950 @ 3.07GHz,3259
Intel Core i7-960 @ 3.20GHz,3394
Intel Core i7-965 @ 3.20GHz,3375
Intel Core i7-970 @ 3.20GHz,6559
Intel Core i7-9700 @ 3.00GHz,13194
Intel Core i7-9700E @ 2.60GHz,12561
Intel Core i7-9700F @ 3.00GHz,13163
Intel Core i7-9700K @ 3.60GHz,14401
Intel Core i7-9700KF @ 3.60GHz,14258
Intel Core i7-9700T @ 2.00GHz,10532
Intel Core i7-9700TE @ 1.80GHz,9720
Intel Core i7-975 @ 3.33GHz,3532
Intel Core i7-9750H @ 2.60GHz,10590
Intel Core i7-9750HF @ 2.60GHz,10335
Intel Core i7-980 @ 3.33GHz,6908
Intel Core i7-9800X @ 3.80GHz,18147
Intel Core i7-980X @ 3.33GHz,6826
Intel Core i7-985 @ 3.47GHz,3928
Intel Core i7-9850H @ 2.60GHz,10863
Intel Core i7-9850HE @ 2.70GHz,9972
Intel Core i7-9850HL @ 1.90GHz,7897
Intel Core i7-990X @ 3.47GHz,7143
Intel Core i7-995X @ 3.60GHz,7862
Intel Core i9-10850K @ 3.60GHz,21916
Intel Core i9-10880H @ 2.30GHz,14240
Intel Core i9-10885H @ 2.40GHz,14338
Intel Core i9-10900 @ 2.80GHz,19109
Intel Core i9-10900E @ 2.80GHz,19048
Intel Core i9-10900F @ 2.80GHz,19768
Intel Core i9-10900K @ 3.70GHz,22316
Intel Core i9-10900KF @ 3.70GHz,22204
Intel Core i9-10900T @ 1.90GHz,14735
Intel Core i9-10900TE @ 1.80GHz,14159
Intel Core i9-10900X @ 3.70GHz,22346
Intel Core i9-10910 @ 3.60GHz,21395
Intel Core i9-10920X @ 3.50GHz,25814
Intel Core i9-10940X @ 3.30GHz,27666
Intel Core i9-10980HK @ 2.40GHz,15151
Intel Core i9-10980XE @ 3.00GHz,32014
Intel Core i9-11900 @ 2.50GHz,22364
Intel Core i9-11900F @ 2.50GHz,22089
Intel Core i9-11900H @ 2.50GHz,19909
Intel Core i9-11900K @ 3.50GHz,24950
Intel Core i9-11900KB @ 3.30GHz,22730
Intel Core i9-11900KF @ 3.50GHz,24544
Intel Core i9-11900T @ 1.50GHz,18620
Intel Core i9-11950H @ 2.60GHz,20445
Intel Core i9-11980HK @ 2.60GHz,22134
Intel Core i9-12900,33677
Intel Core i9-12900E,28170
Intel Core i9-12900F,35801
Intel Core i9-12900H,26845
Intel Core i9-12900HK,25330
Intel Core i9-12900HX,33156
Intel Core i9-12900K,41157
Intel Core i9-12900KF,40732
Intel Core i9-12900KS,43450
Intel Core i9-12900T,28884
Intel Core i9-12900TE,24017
Intel Core i9-12950HX,31272
Intel Core i9-13900,44906
Intel Core i9-13900E,40303
Intel Core i9-13900F,48426
Intel Core i9-13900H,27263
Intel Core i9-13900HK,26923
Intel Core i9-13900HX,42090
Intel Core i9-13900K,58259
Intel Core i9-13900KF,57654
Intel Core i9-13900KS,60526
Intel Core i9-13900T,42384
Intel Core i9-13900TE,20602
Intel Core i9-13905H,29718
Intel Core i9-13950HX,40743
Intel Core i9-13980HX,45794
Intel Core i9-14900,45067
Intel Core i9-14900F,46685
Intel Core i9-14900HX,44327
Intel Core i9-14900K,58417
Intel Core i9-14900KF,58298
Intel Core i9-14900KS,60319
Intel Core i9-14900T,38413
Intel Core i9-14901E,30298
Intel Core i9-7900X @ 3.30GHz,20880
Intel Core i9-7920X @ 2.90GHz,23475
Intel Core i9-7940X @ 3.10GHz,25431
Intel Core i9-7960X @ 2.80GHz,27639
Intel Core i9-7980XE @ 2.60GHz,29607
Intel Core i9-8950HK @ 2.90GHz,10375
Intel Core i9-9820X @ 3.30GHz,20540
Intel Core i9-9880H @ 2.30GHz,13490
Intel Core i9-9900 @ 3.10GHz,16241
Intel Core i9-9900B @ 3.10GHz,15893
Intel Core i9-9900K @ 3.60GHz,18075
Intel Core i9-9900KF @ 3.60GHz,18022
Intel Core i9-9900KS @ 4.00GHz,19394
Intel Core i9-9900T @ 2.10GHz,13085
Intel Core i9-9900X @ 3.50GHz,21676
Intel Core i9-9920X @ 3.50GHz,24760
Intel Core i9-9940X @ 3.30GHz,28003
Intel Core i9-9960X @ 3.10GHz,29670
Intel Core i9-9980HK @ 2.40GHz,13930
Intel Core i9-9980XE @ 3.00GHz,31505
Intel Core i9-9990XE @ 4.00GHz,30162
Intel Core M-5Y10 @ 0.80GHz,1648
Intel Core M-5Y10a @ 0.80GHz,1905
Intel Core M-5Y10c @ 0.80GHz,1905
Intel Core M-5Y31 @ 0.90GHz,1891
Intel Core M-5Y51 @ 1.10GHz,2002
Intel Core M-5Y70 @ 1.10GHz,1890
Intel Core M-5Y71 @ 1.20GHz,1958
Intel Core m3-6Y30 @ 0.90GHz,2174
Intel Core m3-7Y30 @ 1.00GHz,2441
Intel Core m3-7Y32 @ 1.10GHz,2698
Intel Core m3-8100Y @ 1.10GHz,2764
Intel Core m5-6Y54 @ 1.10GHz,2272
Intel Core m5-6Y57 @ 1.10GHz,2347
Intel Core m5-7Y54 @ 1.20GHz,1475
Intel Core m7-6Y75 @ 1.20GHz,2346
Intel Core Solo T1300 @ 1.66GHz,210
Intel Core Solo T1350 @ 1.86GHz,194
Intel Core Solo T1400 @ 1.83GHz,253
Intel Core Solo U1300 @ 1.06GHz,127
Intel Core Solo U1400 @ 1.20GHz,130
Intel Core Solo U1500 @ 1.33GHz,164
Intel Core Ultra 3 105UL,10285
Intel Core Ultra 5 115U,11695
Intel Core Ultra 5 125H,20570
Intel Core Ultra 5 125U,16942
Intel Core Ultra 5 134U,13279
Intel Core Ultra 5 135H,22020
Intel Core Ultra 5 135U,16774
Intel Core Ultra 5 225,30525
Intel Core Ultra 5 225F,31169
Intel Core Ultra 5 225H,28608
Intel Core Ultra 5 225T,26295
Intel Core Ultra 5 225U,18032
Intel Core Ultra 5 226V,18109
Intel Core Ultra 5 228V,17540
Intel Core Ultra 5 230F,33137
Intel Core Ultra 5 235,40007
Intel Core Ultra 5 235H,29432
Intel Core Ultra 5 235HX,40402
Intel Core Ultra 5 235T,32293
Intel Core Ultra 5 235U,17314
Intel Core Ultra 5 236V,18330
Intel Core Ultra 5 238V,18309
Intel Core Ultra 5 245,39884
Intel Core Ultra 5 245HX,40333
Intel Core Ultra 5 245K,43235
Intel Core Ultra 5 245KF,43258
Intel Core Ultra 5 245T,30947
Intel Core Ultra 5 250K Plus,52020
Intel Core Ultra 5 325,21794
Intel Core Ultra 5 332,15337
Intel Core Ultra 5 335,20798
Intel Core Ultra 5 336H,25660
Intel Core Ultra 5 338H,30294
Intel Core Ultra 7 155H,24622
Intel Core Ultra 7 155U,16150
Intel Core Ultra 7 164U,12469
Intel Core Ultra 7 165H,25921
Intel Core Ultra 7 165U,16815
Intel Core Ultra 7 255H,30696
Intel Core Ultra 7 255HX,49117
Intel Core Ultra 7 255U,17872
Intel Core Ultra 7 256V,19550
Intel Core Ultra 7 258V,18958
Intel Core Ultra 7 265,49839
Intel Core Ultra 7 265F,49540
Intel Core Ultra 7 265H,34500
Intel Core Ultra 7 265HX,48944
Intel Core Ultra 7 265K,58708
Intel Core Ultra 7 265KF,58548
Intel Core Ultra 7 265T,38626
Intel Core Ultra 7 265U,17894
Intel Core Ultra 7 266V,19211
Intel Core Ultra 7 268V,19561
Intel Core Ultra 7 270K Plus,65853
Intel Core Ultra 7 355,19145
Intel Core Ultra 7 356H,31663
Intel Core Ultra 7 365,21736
Intel Core Ultra 7 366H,35009
Intel Core Ultra 9 185H,29255
Intel Core Ultra 9 275HX,55999
Intel Core Ultra 9 285,57360
Intel Core Ultra 9 285H,34455
Intel Core Ultra 9 285HX,57483
Intel Core Ultra 9 285K,67372
Intel Core Ultra 9 285T,39536
Intel Core Ultra 9 288V,20072
Intel Core Ultra 9 290HX Plus,66082
Intel Core Ultra 9 290K Plus,67481
Intel Core Ultra 9 386H,34475
Intel Core Ultra X7 358H,34386
Intel Core Ultra X7 368H,34141
Intel Core Ultra X9 388H,39930
Intel Core2 6320 @ 1.86GHz,849
Intel Core2 Duo E4300 @ 1.80GHz,588
Intel Core2 Duo E4400 @ 2.00GHz,738
Intel Core2 Duo E4500 @ 2.20GHz,748
Intel Core2 Duo E4600 @ 2.40GHz,881
Intel Core2 Duo E4700 @ 2.60GHz,1015
Intel Core2 Duo E6300 @ 1.86GHz,648
Intel Core2 Duo E6320 @ 1.86GHz,716
Intel Core2 Duo E6400 @ 2.13GHz,774
Intel Core2 Duo E6420 @ 2.13GHz,784
Intel Core2 Duo E6540 @ 2.33GHz,808
Intel Core2 Duo E6550 @ 2.33GHz,904
Intel Core2 Duo E6600 @ 2.40GHz,938
Intel Core2 Duo E6700 @ 2.66GHz,975
Intel Core2 Duo E6750 @ 2.66GHz,1027
Intel Core2 Duo E6850 @ 3.00GHz,1158
Intel Core2 Duo E7200 @ 2.53GHz,1002
Intel Core2 Duo E7300 @ 2.66GHz,993
Intel Core2 Duo E7400 @ 2.80GHz,1050
Intel Core2 Duo E7500 @ 2.93GHz,1158
Intel Core2 Duo E7600 @ 3.06GHz,1144
Intel Core2 Duo E8135 @ 2.40GHz,998
Intel Core2 Duo E8135 @ 2.66GHz,946
Intel Core2 Duo E8200 @ 2.66GHz,1138
Intel Core2 Duo E8235 @ 2.80GHz,1020
Intel Core2 Duo E8290 @ 2.83GHz,1408
Intel Core2 Duo E8300 @ 2.83GHz,1057
Intel Core2 Duo E8335 @ 2.66GHz,1082
Intel Core2 Duo E8335 @ 2.93GHz,1079
Intel Core2 Duo E8400 @ 3.00GHz,1220
Intel Core2 Duo E8435 @ 3.06GHz,1104
Intel Core2 Duo E8500 @ 3.16GHz,1302
Intel Core2 Duo E8600 @ 3.33GHz,1378
Intel Core2 Duo E8700 @ 3.50GHz,1302
Intel Core2 Duo L7100 @ 1.20GHz,467
Intel Core2 Duo L7200 @ 1.33GHz,380
Intel Core2 Duo L7300 @ 1.40GHz,536
Intel Core2 Duo L7400 @ 1.50GHz,516
Intel Core2 Duo L7500 @ 1.60GHz,666
Intel Core2 Duo L7700 @ 1.80GHz,677
Intel Core2 Duo L7800 @ 2.00GHz,680
Intel Core2 Duo L9300 @ 1.60GHz,690
Intel Core2 Duo L9600 @ 2.13GHz,788
Intel Core2 Duo P7350 @ 2.00GHz,732
Intel Core2 Duo P7370 @ 2.00GHz,790
Intel Core2 Duo P7450 @ 2.13GHz,807
Intel Core2 Duo P7500 @ 1.60GHz,576
Intel Core2 Duo P7550 @ 2.26GHz,798
Intel Core2 Duo P7570 @ 2.26GHz,888
Intel Core2 Duo P7700 @ 1.80GHz,622
Intel Core2 Duo P8400 @ 2.26GHz,867
Intel Core2 Duo P8600 @ 2.40GHz,860
Intel Core2 Duo P8700 @ 2.53GHz,969
Intel Core2 Duo P8800 @ 2.66GHz,944
Intel Core2 Duo P9300 @ 2.26GHz,983
Intel Core2 Duo P9500 @ 2.53GHz,1007
Intel Core2 Duo P9600 @ 2.53GHz,1040
Intel Core2 Duo P9600 @ 2.66GHz,1103
Intel Core2 Duo P9700 @ 2.80GHz,1181
Intel Core2 Duo Q6867 @ 3.00GHz,359
Intel Core2 Duo SL9400 @ 1.86GHz,720
Intel Core2 Duo SP9400 @ 2.40GHz,887
Intel Core2 Duo SU9400 @ 1.40GHz,536
Intel Core2 Duo T5200 @ 1.60GHz,470
Intel Core2 Duo T5250 @ 1.50GHz,557
Intel Core2 Duo T5270 @ 1.40GHz,449
Intel Core2 Duo T5300 @ 1.73GHz,530
Intel Core2 Duo T5450 @ 1.66GHz,584
Intel Core2 Duo T5470 @ 1.60GHz,606
Intel Core2 Duo T5500 @ 1.66GHz,576
Intel Core2 Duo T5550 @ 1.83GHz,625
Intel Core2 Duo T5600 @ 1.83GHz,677
Intel Core2 Duo T5670 @ 1.80GHz,633
Intel Core2 Duo T5750 @ 2.00GHz,708
Intel Core2 Duo T5800 @ 2.00GHz,642
Intel Core2 Duo T5850 @ 2.16GHz,721
Intel Core2 Duo T5870 @ 2.00GHz,706
Intel Core2 Duo T5900 @ 2.20GHz,677
Intel Core2 Duo T6400 @ 2.00GHz,742
Intel Core2 Duo T6500 @ 2.10GHz,762
Intel Core2 Duo T6570 @ 2.10GHz,774
Intel Core2 Duo T6600 @ 2.20GHz,806
Intel Core2 Duo T6670 @ 2.20GHz,841
Intel Core2 Duo T7100 @ 1.80GHz,598
Intel Core2 Duo T7200 @ 2.00GHz,742
Intel Core2 Duo T7250 @ 2.00GHz,701
Intel Core2 Duo T7300 @ 2.00GHz,705
Intel Core2 Duo T7400 @ 2.16GHz,755
Intel Core2 Duo T7500 @ 2.20GHz,829
Intel Core2 Duo T7600 @ 2.33GHz,800
Intel Core2 Duo T7700 @ 2.40GHz,944
Intel Core2 Duo T7800 @ 2.60GHz,909
Intel Core2 Duo T8100 @ 2.10GHz,789
Intel Core2 Duo T8300 @ 2.40GHz,899
Intel Core2 Duo T9300 @ 2.50GHz,981
Intel Core2 Duo T9400 @ 2.53GHz,1008
Intel Core2 Duo T9500 @ 2.60GHz,1026
Intel Core2 Duo T9550 @ 2.66GHz,989
Intel Core2 Duo T9600 @ 2.80GHz,1094
Intel Core2 Duo T9800 @ 2.93GHz,1189
Intel Core2 Duo T9900 @ 3.06GHz,1205
Intel Core2 Duo U7300 @ 1.30GHz,536
Intel Core2 Duo U7500 @ 1.06GHz,408
Intel Core2 Duo U7600 @ 1.20GHz,347
Intel Core2 Duo U7700 @ 1.33GHz,420
Intel Core2 Duo U9300 @ 1.20GHz,447
Intel Core2 Duo U9600 @ 1.60GHz,595
Intel Core2 Duo X7360 @ 2.53GHz,1010
Intel Core2 Extreme Q6800 @ 2.93GHz,2292
Intel Core2 Extreme Q6850 @ 3.00GHz,2250
Intel Core2 Extreme Q9200 @ 2.40GHz,2011
Intel Core2 Extreme Q9300 @ 2.53GHz,1940
Intel Core2 Extreme X6800 @ 2.93GHz,1118
Intel Core2 Extreme X7800 @ 2.60GHz,1138
Intel Core2 Extreme X7850 @ 2.80GHz,899
Intel Core2 Extreme X7900 @ 2.80GHz,1121
Intel Core2 Extreme X9000 @ 2.80GHz,1108
Intel Core2 Extreme X9100 @ 3.06GHz,1193
Intel Core2 Extreme X9650 @ 3.00GHz,2434
Intel Core2 Extreme X9750 @ 3.16GHz,2668
Intel Core2 Extreme X9770 @ 3.20GHz,2701
Intel Core2 Extreme X9775 @ 3.20GHz,2780
Intel Core2 Quad Q6600 @ 2.40GHz,1843
Intel Core2 Quad Q6700 @ 2.66GHz,2093
Intel Core2 Quad Q8200 @ 2.33GHz,1815
Intel Core2 Quad Q8300 @ 2.50GHz,1916
Intel Core2 Quad Q8400 @ 2.66GHz,2083
Intel Core2 Quad Q9000 @ 2.00GHz,1597
Intel Core2 Quad Q9100 @ 2.26GHz,1806
Intel Core2 Quad Q9300 @ 2.50GHz,2013
Intel Core2 Quad Q9400 @ 2.66GHz,2159
Intel Core2 Quad Q9450 @ 2.66GHz,2203
Intel Core2 Quad Q9500 @ 2.83GHz,2247
Intel Core2 Quad Q9505 @ 2.83GHz,2164
Intel Core2 Quad Q9550 @ 2.83GHz,2373
Intel Core2 Quad Q9650 @ 3.00GHz,2518
Intel Core2 Quad Q9705 @ 3.16GHz,2324
Intel Core2 Solo U2100 @ 1.06GHz,233
Intel Core2 Solo U2200 @ 1.20GHz,203
Intel Core2 Solo U3300 @ 1.20GHz,245
Intel Core2 Solo U3500 @ 1.40GHz,272
Intel CoreT i5-1350P,19429
Intel CoreTM Ultra 5 115U,12771
Intel E3000 @ 3.40GHz,1629
Intel N100,5345
Intel N150,5390
Intel N200,4618
Intel N250,4899
Intel N50,2609
Intel N95,5297
Intel N97,5850
Intel Pentium 1403 @ 2.60GHz,1851
Intel Pentium 1403 v2 @ 2.60GHz,2284
Intel Pentium 2020M @ 2.40GHz,1414
Intel Pentium 2030M @ 2.50GHz,1436
Intel Pentium 2117U @ 1.80GHz,1014
Intel Pentium 2127U @ 1.90GHz,1081
Intel Pentium 2129Y @ 1.10GHz,587
Intel Pentium 3550M @ 2.30GHz,1339
Intel Pentium 3556U @ 1.70GHz,1061
Intel Pentium 3558U @ 1.70GHz,1045
Intel Pentium 3560M @ 2.40GHz,1365
Intel Pentium 3560Y @ 1.20GHz,887
Intel Pentium 3805U @ 1.90GHz,1197
Intel Pentium 3825U @ 1.90GHz,1400
Intel Pentium 4 1.40GHz,107
Intel Pentium 4 1.50GHz,86
Intel Pentium 4 1.60GHz,84
Intel Pentium 4 1.70GHz,86
Intel Pentium 4 1.80GHz,115
Intel Pentium 4 1.90GHz,104
Intel Pentium 4 1300MHz,77
Intel Pentium 4 1400MHz,83
Intel Pentium 4 1500MHz,81
Intel Pentium 4 1600MHz,125
Intel Pentium 4 1700MHz,100
Intel Pentium 4 1800MHz,114
Intel Pentium 4 2.00GHz,133
Intel Pentium 4 2.20GHz,157
Intel Pentium 4 2.26GHz,151
Intel Pentium 4 2.40GHz,131
Intel Pentium 4 2.50GHz,160
Intel Pentium 4 2.53GHz,162
Intel Pentium 4 2.60GHz,223
Intel Pentium 4 2.66GHz,157
Intel Pentium 4 2.80GHz,240
Intel Pentium 4 2.93GHz,150
Intel Pentium 4 3.00GHz,317
Intel Pentium 4 3.06GHz,264
Intel Pentium 4 3.20GHz,332
Intel Pentium 4 3.40GHz,300
Intel Pentium 4 3.46GHz,295
Intel Pentium 4 3.60GHz,315
Intel Pentium 4 3.73GHz,385
Intel Pentium 4 3.80GHz,384
Intel Pentium 4 3.83GHz,154
Intel Pentium 4 4.00GHz,145
Intel Pentium 4 Mobile 1.40GHz,97
Intel Pentium 4 Mobile 1.50GHz,129
Intel Pentium 4 Mobile 1.60GHz,116
Intel Pentium 4 Mobile 1.70GHz,136
Intel Pentium 4 Mobile 1.80GHz,114
Intel Pentium 4 Mobile 1.90GHz,136
Intel Pentium 4 Mobile 2.00GHz,132
Intel Pentium 4405U @ 2.10GHz,2124
Intel Pentium 4405Y @ 1.50GHz,1462
Intel Pentium 4410Y @ 1.50GHz,1441
Intel Pentium 4415U @ 2.30GHz,2252
Intel Pentium 4415Y @ 1.60GHz,1582
Intel Pentium 4417U @ 2.30GHz,2253
Intel Pentium 4425Y @ 1.70GHz,1700
Intel Pentium 5 2.66GHz,459
Intel Pentium 5405U @ 2.30GHz,2234
Intel Pentium 6405U @ 2.40GHz,2355
Intel Pentium 6805 @ 1.10GHz,4424
Intel Pentium 957 @ 1.20GHz,622
Intel Pentium 967 @ 1.30GHz,643
Intel Pentium 977 @ 1.40GHz,652
Intel Pentium 987 @ 1.50GHz,697
Intel Pentium 997 @ 1.60GHz,833
Intel Pentium A1018 @ 2.10GHz,1171
Intel Pentium A1020 @ 2.41GHz,1167
Intel Pentium B940 @ 2.00GHz,895
Intel Pentium B950 @ 2.10GHz,1022
Intel Pentium B960 @ 2.20GHz,1026
Intel Pentium B970 @ 2.30GHz,1099
Intel Pentium B980 @ 2.40GHz,1096
Intel Pentium D 3.40GHz,782
Intel Pentium D 805 @ 2.66GHz,374
Intel Pentium D 830 @ 3.00GHz,579
Intel Pentium D 915 @ 2.80GHz,468
Intel Pentium D 940 @ 3.20GHz,585
Intel Pentium D 950 @ 3.40GHz,704
Intel Pentium D 960 @ 3.60GHz,822
Intel Pentium D1508 @ 2.20GHz,3240
Intel Pentium Dual T2390 @ 1.86GHz,745
Intel Pentium E2140 @ 1.60GHz,533
Intel Pentium E2160 @ 1.80GHz,663
Intel Pentium E2180 @ 2.00GHz,693
Intel Pentium E2200 @ 2.20GHz,739
Intel Pentium E2210 @ 2.20GHz,702
Intel Pentium E2220 @ 2.40GHz,857
Intel Pentium E5200 @ 2.50GHz,941
Intel Pentium E5300 @ 2.60GHz,936
Intel Pentium E5400 @ 2.70GHz,1009
Intel Pentium E5500 @ 2.80GHz,1070
Intel Pentium E5700 @ 3.00GHz,1100
Intel Pentium E5800 @ 3.20GHz,1193
Intel Pentium E6300 @ 2.80GHz,1032
Intel Pentium E6500 @ 2.93GHz,1139
Intel Pentium E6600 @ 3.06GHz,1206
Intel Pentium E6700 @ 3.20GHz,1190
Intel Pentium E6800 @ 3.33GHz,1155
Intel Pentium Extreme Edition 955 @ 3.46GHz,469
Intel Pentium Extreme Edition 965 @ 3.73GHz,987
Intel Pentium G2010 @ 2.80GHz,1629
Intel Pentium G2020 @ 2.90GHz,1704
Intel Pentium G2020T @ 2.50GHz,1437
Intel Pentium G2030 @ 3.00GHz,1769
Intel Pentium G2030T @ 2.60GHz,1597
Intel Pentium G2100T @ 2.60GHz,1691
Intel Pentium G2120 @ 3.10GHz,1873
Intel Pentium G2120T @ 2.70GHz,1613
Intel Pentium G2130 @ 3.20GHz,1918
Intel Pentium G2140 @ 3.30GHz,2095
Intel Pentium G3220 @ 3.00GHz,1887
Intel Pentium G3220T @ 2.60GHz,1652
Intel Pentium G3240 @ 3.10GHz,1938
Intel Pentium G3240T @ 2.70GHz,1693
Intel Pentium G3250 @ 3.20GHz,2008
Intel Pentium G3250T @ 2.80GHz,1818
Intel Pentium G3258 @ 3.20GHz,2063
Intel Pentium G3260 @ 3.30GHz,2099
Intel Pentium G3260T @ 2.90GHz,1876
Intel Pentium G3320TE @ 2.30GHz,1570
Intel Pentium G3420 @ 3.20GHz,2023
Intel Pentium G3420T @ 2.70GHz,1912
Intel Pentium G3430 @ 3.30GHz,2127
Intel Pentium G3440 @ 3.30GHz,2202
Intel Pentium G3440T @ 2.80GHz,2107
Intel Pentium G3450 @ 3.40GHz,2191
Intel Pentium G3450T @ 2.90GHz,1904
Intel Pentium G3460 @ 3.50GHz,2114
Intel Pentium G3460T @ 3.00GHz,2036
Intel Pentium G3470 @ 3.60GHz,2448
Intel Pentium G4400 @ 3.30GHz,2563
Intel Pentium G4400T @ 2.90GHz,2328
Intel Pentium G4400TE @ 2.40GHz,2190
Intel Pentium G4500 @ 3.50GHz,2808
Intel Pentium G4500T @ 3.00GHz,2399
Intel Pentium G4520 @ 3.60GHz,2670
Intel Pentium G4560 @ 3.50GHz,3533
Intel Pentium G4560T @ 2.90GHz,2994
Intel Pentium G4600 @ 3.60GHz,3631
Intel Pentium G4600T @ 3.00GHz,3062
Intel Pentium G4620 @ 3.70GHz,3778
Intel Pentium G620 @ 2.60GHz,1240
Intel Pentium G620T @ 2.20GHz,896
Intel Pentium G630 @ 2.70GHz,1355
Intel Pentium G630T @ 2.30GHz,1075
Intel Pentium G640 @ 2.80GHz,1359
Intel Pentium G640T @ 2.40GHz,1139
Intel Pentium G645 @ 2.90GHz,1465
Intel Pentium G645T @ 2.50GHz,1238
Intel Pentium G6950 @ 2.80GHz,1252
Intel Pentium G6951 @ 2.80GHz,1383
Intel Pentium G6952 @ 2.80GHz,995
Intel Pentium G6960 @ 2.93GHz,1433
Intel Pentium G840 @ 2.80GHz,1375
Intel Pentium G850 @ 2.90GHz,1494
Intel Pentium G860 @ 3.00GHz,1488
Intel Pentium G870 @ 3.10GHz,1434
Intel Pentium GOLD 6500Y @ 1.10GHz,2936
Intel Pentium Gold 7505 @ 2.00GHz,5172
Intel Pentium Gold 8500,5949
Intel Pentium Gold 8505,9052
Intel Pentium Gold G5400 @ 3.70GHz,3734
Intel Pentium Gold G5400T @ 3.10GHz,3156
Intel Pentium Gold G5420 @ 3.80GHz,3721
Intel Pentium Gold G5420T @ 3.20GHz,3370
Intel Pentium Gold G5500 @ 3.80GHz,3854
Intel Pentium Gold G5500T @ 3.20GHz,3256
Intel Pentium Gold G5600 @ 3.90GHz,3856
Intel Pentium Gold G5600F @ 3.90GHz,4060
Intel Pentium Gold G5600T @ 3.30GHz,3496
Intel Pentium Gold G5620 @ 4.00GHz,4251
Intel Pentium Gold G6400 @ 4.00GHz,4097
Intel Pentium Gold G6400E @ 3.80GHz,3908
Intel Pentium Gold G6400T @ 3.40GHz,3552
Intel Pentium Gold G6405 @ 4.10GHz,3836
Intel Pentium Gold G6405T @ 3.50GHz,3128
Intel Pentium Gold G6500 @ 4.10GHz,4185
Intel Pentium Gold G6500T @ 3.50GHz,3764
Intel Pentium Gold G6505 @ 4.20GHz,4371
Intel Pentium Gold G6505T @ 3.60GHz,3698
Intel Pentium Gold G6600 @ 4.20GHz,4223
Intel Pentium Gold G6605 @ 4.30GHz,4488
Intel Pentium Gold G7400,6709
Intel Pentium Gold G7400E,6200
Intel Pentium Gold G7400T,5274
Intel Pentium Gold G7400TE,5715
Intel Pentium III 1133 @ 1133MHz,185
Intel Pentium III 1200 @ 1200MHz,181
Intel Pentium III 1266S @ 1266MHz,201
Intel Pentium III 1400 @ 1400MHz,193
Intel Pentium III 1400S @ 1400MHz,194
Intel Pentium III 933S @ 933MHz,155
Intel Pentium III Mobile 1000MHz,160
Intel Pentium III Mobile 1066MHz,160
Intel Pentium III Mobile 1133MHz,164
Intel Pentium III Mobile 1200MHz,156
Intel Pentium III Mobile 750MHz,67
Intel Pentium III Mobile 800MHz,119
Intel Pentium III Mobile 866MHz,99
Intel Pentium III Mobile 933MHz,142
Intel Pentium J2850 @ 2.41GHz,1016
Intel Pentium J2900 @ 2.41GHz,1255
Intel Pentium J3710 @ 1.60GHz,1424
Intel Pentium J4205 @ 1.50GHz,2311
Intel Pentium J6426 @ 2.00GHz,4036
Intel Pentium M 1.10GHz,184
Intel Pentium M 1.20GHz,199
Intel Pentium M 1.30GHz,196
Intel Pentium M 1.40GHz,225
Intel Pentium M 1.50GHz,240
Intel Pentium M 1.60GHz,194
Intel Pentium M 1.70GHz,239
Intel Pentium M 1.73GHz,205
Intel Pentium M 1.80GHz,280
Intel Pentium M 1.86GHz,222
Intel Pentium M 1000MHz,156
Intel Pentium M 1100MHz,168
Intel Pentium M 1200MHz,155
Intel Pentium M 1300MHz,197
Intel Pentium M 1400MHz,208
Intel Pentium M 1500MHz,188
Intel Pentium M 1600MHz,193
Intel Pentium M 1700MHz,237
Intel Pentium M 2.00GHz,270
Intel Pentium M 2.10GHz,292
Intel Pentium M 2.13GHz,234
Intel Pentium M 2.26GHz,227
Intel Pentium M 756 @ 1.66GHz,260
Intel Pentium M 900MHz,141
Intel Pentium N3510 @ 1.99GHz,942
Intel Pentium N3520 @ 2.16GHz,1144
Intel Pentium N3530 @ 2.16GHz,1149
Intel Pentium N3540 @ 2.16GHz,1202
Intel Pentium N3700 @ 1.60GHz,1250
Intel Pentium N3710 @ 1.60GHz,1383
Intel Pentium N4200 @ 1.10GHz,2158
Intel Pentium N6415 @ 1.20GHz,2869
Intel Pentium P6000 @ 1.87GHz,835
Intel Pentium P6100 @ 2.00GHz,881
Intel Pentium P6200 @ 2.13GHz,937
Intel Pentium P6300 @ 2.27GHz,967
Intel Pentium Silver A1030 @ 2.00GHz,1380
Intel Pentium Silver J5005 @ 1.50GHz,3122
Intel Pentium Silver J5040 @ 2.00GHz,3251
Intel Pentium Silver N5000 @ 1.10GHz,2590
Intel Pentium Silver N5020 @ 1.10GHz,3404
Intel Pentium Silver N5030 @ 1.10GHz,2538
Intel Pentium Silver N6000 @ 1.10GHz,2940
Intel Pentium Silver N6005 @ 2.00GHz,5244
Intel Pentium SU2700 @ 1.30GHz,252
Intel Pentium SU4100 @ 1.30GHz,506
Intel Pentium T1080 @ 1.73GHz,417
Intel Pentium T2060 @ 1.60GHz,330
Intel Pentium T2080 @ 1.73GHz,341
Intel Pentium T2130 @ 1.86GHz,382
Intel Pentium T2310 @ 1.46GHz,542
Intel Pentium T2330 @ 1.60GHz,533
Intel Pentium T2370 @ 1.73GHz,557
Intel Pentium T2390 @ 1.86GHz,543
Intel Pentium T2410 @ 2.00GHz,566
Intel Pentium T3200 @ 2.00GHz,672
Intel Pentium T3400 @ 2.16GHz,664
Intel Pentium T4200 @ 2.00GHz,730
Intel Pentium T4300 @ 2.10GHz,780
Intel Pentium T4400 @ 2.20GHz,793
Intel Pentium T4500 @ 2.30GHz,850
Intel Pentium U5400 @ 1.20GHz,523
Intel Pentium U5600 @ 1.33GHz,624
Intel T1200 @ 1.50GHz,234
Intel T1400 @ 1.73GHz,548
Intel T1500 @ 1.86GHz,548
Intel T2050 @ 2.00GHz,516
Intel U300,8612
Intel U300E,8409
Intel U300L,7823
Intel U4100 @ 1.30GHz,610
Intel Ultra 5 115U,12381
Intel Xeon 1500MHz,126
Intel Xeon 2.00GHz,152
Intel XEON 2.20GHz,164
Intel Xeon 2.40GHz,180
Intel Xeon 2.66GHz,283
Intel Xeon 2.80GHz,260
Intel Xeon 3.00GHz,425
Intel Xeon 3.06GHz,320
Intel Xeon 3.20GHz,478
Intel Xeon 3.40GHz,389
Intel Xeon 3.60GHz,403
Intel Xeon 3.73GHz,917
Intel Xeon 3.80GHz,393
Intel Xeon 3040 @ 1.86GHz,790
Intel Xeon 3050 @ 2.13GHz,818
Intel Xeon 3060 @ 2.40GHz,983
Intel Xeon 3065 @ 2.33GHz,913
Intel Xeon 3070 @ 2.66GHz,1025
Intel Xeon 3075 @ 2.66GHz,1112
Intel Xeon 3085 @ 3.00GHz,1070
Intel Xeon 5110 @ 1.60GHz,405
Intel Xeon 5120 @ 1.86GHz,763
Intel Xeon 5130 @ 2.00GHz,734
Intel Xeon 5133 @ 2.20GHz,887
Intel Xeon 5140 @ 2.33GHz,857
Intel Xeon 5148 @ 2.33GHz,747
Intel Xeon 5150 @ 2.66GHz,880
Intel Xeon 5160 @ 3.00GHz,963
Intel Xeon 6315P,11721
Intel Xeon 6325P,16346
Intel Xeon 6333P,20656
Intel Xeon 6337P,21602
Intel Xeon 6349P,25953
Intel Xeon 6353P,25951
Intel Xeon 6357P,30401
Intel Xeon 6369P,30315
Intel Xeon 6505P,39341
Intel Xeon 6507P,31233
Intel Xeon 6511P,45687
Intel Xeon 6515P,40720
Intel Xeon 6517P,49754
Intel Xeon 6520P,64010
Intel Xeon 6521P,64761
Intel Xeon 654,61351
Intel Xeon 658X,68239
Intel Xeon 6710E,61775
Intel Xeon 6724P,50959
Intel Xeon 6730P,74113
Intel Xeon 6732P,74849
Intel Xeon 6736P,50072
Intel Xeon 6737P,79634
Intel Xeon 6740E,76167
Intel Xeon 6740P,90684
Intel Xeon 6741P,100660
Intel Xeon 6745P,84210
Intel Xeon 6747P,101685
Intel Xeon 674X,84536
Intel Xeon 6780E,86734
Intel Xeon 6781P,117946
Intel Xeon 678X,92125
Intel Xeon 6960P,130659
Intel Xeon 696X,100042
Intel Xeon 6973P-C,4119
Intel Xeon 6975P-C,28252
Intel Xeon @ 2.00GHz,7363
Intel Xeon @ 2.20GHz,1324
Intel Xeon Bronze 3104 @ 1.70GHz,4367
Intel Xeon Bronze 3106 @ 1.70GHz,5768
Intel Xeon Bronze 3204 @ 1.90GHz,4795
Intel Xeon Bronze 3206R @ 1.90GHz,6777
Intel Xeon Bronze 3408U,9969
Intel Xeon Bronze 3508U,11248
Intel Xeon D-1513N @ 1.60GHz,4344
Intel Xeon D-1518 @ 2.20GHz,4562
Intel Xeon D-1520 @ 2.20GHz,4917
Intel Xeon D-1521 @ 2.40GHz,5669
Intel Xeon D-1527 @ 2.20GHz,4914
Intel Xeon D-1528 @ 1.90GHz,6823
Intel Xeon D-1531 @ 2.20GHz,7668
Intel Xeon D-1537 @ 1.70GHz,7444
Intel Xeon D-1539 @ 1.60GHz,7572
Intel Xeon D-1540 @ 2.00GHz,10037
Intel Xeon D-1541 @ 2.10GHz,9957
Intel Xeon D-1548 @ 2.00GHz,9075
Intel Xeon D-1557 @ 1.50GHz,9285
Intel Xeon D-1559 @ 1.50GHz,8015
Intel Xeon D-1567 @ 2.10GHz,10447
Intel Xeon D-1577 @ 1.30GHz,11645
Intel Xeon D-1581 @ 1.80GHz,13173
Intel Xeon D-1587 @ 1.70GHz,13630
Intel Xeon D-1602 @ 2.50GHz,2459
Intel Xeon D-1622 @ 2.60GHz,6205
Intel Xeon D-1712TR @ 2.00GHz,8155
Intel Xeon D-1715TER @ 2.40GHz,9104
Intel Xeon D-1718T @ 2.60GHz,9729
Intel Xeon D-1726 @ 2.90GHz,15511
Intel Xeon D-1732TE @ 1.90GHz,14179
Intel Xeon D-1733NT @ 2.00GHz,14849
Intel Xeon D-1736NT @ 2.70GHz,17826
Intel Xeon D-1746TER @ 2.00GHz,15660
Intel Xeon D-1747NTE @ 2.50GHz,20279
Intel Xeon D-1813NT @ 2.20GHz,7732
Intel Xeon D-1823NT @ 2.80GHz,13673
Intel Xeon D-1848TER @ 2.00GHz,16952
Intel Xeon D-2123IT @ 2.20GHz,6689
Intel Xeon D-2141I @ 2.20GHz,11886
Intel Xeon D-2143IT @ 2.20GHz,12116
Intel Xeon D-2146NT @ 2.30GHz,11736
Intel Xeon D-2166NT @ 2.00GHz,15105
Intel Xeon D-2183IT @ 2.20GHz,19377
Intel Xeon D-2187NT @ 2.00GHz,18070
Intel Xeon D-2712T @ 1.90GHz,7990
Intel Xeon D-2733NT @ 2.10GHz,16206
Intel Xeon D-2752TER @ 1.80GHz,19074
Intel Xeon D-2753NT @ 2.00GHz,20626
Intel Xeon D-2766NT @ 2.00GHz,24013
Intel Xeon D-2775TE @ 2.00GHz,27299
Intel Xeon D-2795NT @ 2.00GHz,28463
Intel Xeon D-2796TE @ 2.00GHz,26479
Intel Xeon D-2799 @ 2.40GHz,33792
Intel Xeon E E-2414,11864
Intel Xeon E E-2434,15137
Intel Xeon E E-2486,23605
Intel Xeon E-2104G @ 3.20GHz,5868
Intel Xeon E-2124 @ 3.30GHz,6788
Intel Xeon E-2124G @ 3.40GHz,7203
Intel Xeon E-2126G @ 3.30GHz,10460
Intel Xeon E-2134 @ 3.50GHz,9363
Intel Xeon E-2136 @ 3.30GHz,13084
Intel Xeon E-2144G @ 3.60GHz,9413
Intel Xeon E-2146G @ 3.50GHz,13240
Intel Xeon E-2174G @ 3.80GHz,9558
Intel Xeon E-2176G @ 3.70GHz,13636
Intel Xeon E-2176M @ 2.70GHz,10803
Intel Xeon E-2186G @ 3.80GHz,13589
Intel Xeon E-2186M @ 2.90GHz,11204
Intel Xeon E-2224 @ 3.40GHz,7161
Intel Xeon E-2224G @ 3.50GHz,7551
Intel Xeon E-2226G @ 3.40GHz,11167
Intel Xeon E-2226GE @ 3.40GHz,10026
Intel Xeon E-2234 @ 3.60GHz,9659
Intel Xeon E-2236 @ 3.40GHz,13836
Intel Xeon E-2244G @ 3.80GHz,9532
Intel Xeon E-2246G @ 3.60GHz,13894
Intel Xeon E-2254ML @ 1.70GHz,6333
Intel Xeon E-2274G @ 4.00GHz,9837
Intel Xeon E-2276G @ 3.80GHz,14043
Intel Xeon E-2276M @ 2.80GHz,11653
Intel Xeon E-2276ME @ 2.80GHz,8167
Intel Xeon E-2276ML @ 2.00GHz,6353
Intel Xeon E-2278G @ 3.40GHz,16912
Intel Xeon E-2278GE @ 3.30GHz,15956
Intel Xeon E-2278GEL @ 2.00GHz,12024
Intel Xeon E-2286G @ 4.00GHz,14003
Intel Xeon E-2286M @ 2.40GHz,15121
Intel Xeon E-2288G @ 3.70GHz,17443
Intel Xeon E-2314 @ 2.80GHz,7752
Intel Xeon E-2324G @ 3.10GHz,10339
Intel Xeon E-2334 @ 3.40GHz,12157
Intel Xeon E-2336 @ 2.90GHz,16209
Intel Xeon E-2356G @ 3.20GHz,18434
Intel Xeon E-2374G @ 3.70GHz,13726
Intel Xeon E-2378 @ 2.60GHz,17151
Intel Xeon E-2378G @ 2.80GHz,21146
Intel Xeon E-2386G @ 3.50GHz,19468
Intel Xeon E-2388G @ 3.20GHz,23589
Intel Xeon E-2436,21708
Intel Xeon E-2456,20723
Intel Xeon E-2468,26652
Intel Xeon E-2478,27880
Intel Xeon E-2488,31462
Intel Xeon E3-1205 v6 @ 3.00GHz,5682
Intel Xeon E3-1220 @ 3.10GHz,3870
Intel Xeon E3-1220 V2 @ 3.10GHz,4657
Intel Xeon E3-1220 v3 @ 3.10GHz,5179
Intel Xeon E3-1220 v5 @ 3.00GHz,5726
Intel Xeon E3-1220 v6 @ 3.00GHz,5600
Intel Xeon E3-1220L @ 2.20GHz,2263
Intel Xeon E3-1220L V2 @ 2.30GHz,2551
Intel Xeon E3-1220L v3 @ 1.10GHz,1407
Intel Xeon E3-1225 @ 3.10GHz,3906
Intel Xeon E3-1225 V2 @ 3.20GHz,4708
Intel Xeon E3-1225 v3 @ 3.20GHz,5312
Intel Xeon E3-1225 v5 @ 3.30GHz,5951
Intel Xeon E3-1225 v6 @ 3.30GHz,5780
Intel Xeon E3-1226 v3 @ 3.30GHz,5523
Intel Xeon E3-1230 @ 3.20GHz,5138
Intel Xeon E3-1230 V2 @ 3.30GHz,6180
Intel Xeon E3-1230 v3 @ 3.30GHz,6842
Intel Xeon E3-1230 v5 @ 3.40GHz,7920
Intel Xeon E3-1230 v6 @ 3.50GHz,8078
Intel Xeon E3-1230L v3 @ 1.80GHz,5305
Intel Xeon E3-1231 v3 @ 3.40GHz,7037
Intel Xeon E3-1235 @ 3.20GHz,5037
Intel Xeon E3-1235L v5 @ 2.00GHz,5013
Intel Xeon E3-1240 @ 3.30GHz,5359
Intel Xeon E3-1240 V2 @ 3.40GHz,6388
Intel Xeon E3-1240 v3 @ 3.40GHz,7007
Intel Xeon E3-1240 v5 @ 3.50GHz,8250
Intel Xeon E3-1240 v6 @ 3.70GHz,8724
Intel Xeon E3-1240L v3 @ 2.00GHz,5660
Intel Xeon E3-1240L v5 @ 2.10GHz,6547
Intel Xeon E3-1241 v3 @ 3.50GHz,7162
Intel Xeon E3-1245 @ 3.30GHz,5348
Intel Xeon E3-1245 V2 @ 3.40GHz,6360
Intel Xeon E3-1245 v3 @ 3.40GHz,7011
Intel Xeon E3-1245 v5 @ 3.50GHz,8012
Intel Xeon E3-1245 v6 @ 3.70GHz,8691
Intel Xeon E3-1246 v3 @ 3.50GHz,7221
Intel Xeon E3-1260L @ 2.40GHz,4080
Intel Xeon E3-1260L v5 @ 2.90GHz,8254
Intel Xeon E3-1265L @ 2.40GHz,3912
Intel Xeon E3-1265L V2 @ 2.50GHz,5080
Intel Xeon E3-1265L v3 @ 2.50GHz,6167
Intel Xeon E3-1265L v4 @ 2.30GHz,6954
Intel Xeon E3-1268L v3 @ 2.30GHz,5574
Intel Xeon E3-1268L v5 @ 2.40GHz,6334
Intel Xeon E3-1270 @ 3.40GHz,5375
Intel Xeon E3-1270 V2 @ 3.50GHz,6497
Intel Xeon E3-1270 v3 @ 3.50GHz,7230
Intel Xeon E3-1270 v5 @ 3.60GHz,8324
Intel Xeon E3-1270 v6 @ 3.80GHz,8961
Intel Xeon E3-1270L v4 @ 3.00GHz,7662
Intel Xeon E3-1271 v3 @ 3.60GHz,7408
Intel Xeon E3-1275 @ 3.40GHz,5487
Intel Xeon E3-1275 V2 @ 3.50GHz,6655
Intel Xeon E3-1275 v3 @ 3.50GHz,7129
Intel Xeon E3-1275 v5 @ 3.60GHz,8305
Intel Xeon E3-1275 v6 @ 3.80GHz,9206
Intel Xeon E3-1275L v3 @ 2.70GHz,6327
Intel Xeon E3-1276 v3 @ 3.60GHz,7563
Intel Xeon E3-1280 @ 3.50GHz,5612
Intel Xeon E3-1280 V2 @ 3.60GHz,6616
Intel Xeon E3-1280 v3 @ 3.60GHz,7208
Intel Xeon E3-1280 v5 @ 3.70GHz,8254
Intel Xeon E3-1280 v6 @ 3.90GHz,9093
Intel Xeon E3-1281 v3 @ 3.70GHz,7549
Intel Xeon E3-1285 v3 @ 3.60GHz,7211
Intel Xeon E3-1285 v4 @ 3.50GHz,7743
Intel Xeon E3-1285 v6 @ 4.10GHz,9552
Intel Xeon E3-1285L v3 @ 3.10GHz,6874
Intel Xeon E3-1285L v4 @ 3.40GHz,8095
Intel Xeon E3-1286 v3 @ 3.70GHz,7879
Intel Xeon E3-1286L v3 @ 3.20GHz,6929
Intel Xeon E3-1290 @ 3.60GHz,5429
Intel Xeon E3-1290 V2 @ 3.70GHz,6354
Intel Xeon E3-1505L v5 @ 2.00GHz,5083
Intel Xeon E3-1505L v6 @ 2.20GHz,5882
Intel Xeon E3-1505M v5 @ 2.80GHz,6981
Intel Xeon E3-1505M v6 @ 3.00GHz,7431
Intel Xeon E3-1515M v5 @ 2.80GHz,5925
Intel Xeon E3-1535M v5 @ 2.90GHz,7507
Intel Xeon E3-1535M v6 @ 3.10GHz,8104
Intel Xeon E3-1545M v5 @ 2.90GHz,7609
Intel Xeon E3-1558L v5 @ 1.90GHz,7634
Intel Xeon E3-1565L v5 @ 2.50GHz,7325
Intel Xeon E3-1575M v5 @ 3.00GHz,7746
Intel Xeon E3-1585 v5 @ 3.50GHz,8408
Intel Xeon E3-1585L v5 @ 3.00GHz,7959
Intel Xeon E3110 @ 3.00GHz,1295
Intel Xeon E3113 @ 3.00GHz,1429
Intel Xeon E3120 @ 3.16GHz,1408
Intel Xeon E5-1410 @ 2.80GHz,4852
Intel Xeon E5-1410 v2 @ 2.80GHz,5715
Intel Xeon E5-1428L v2 @ 2.20GHz,6255
Intel Xeon E5-1603 @ 2.80GHz,3477
Intel Xeon E5-1603 v3 @ 2.80GHz,4454
Intel Xeon E5-1603 v4 @ 2.80GHz,4710
Intel Xeon E5-1607 @ 3.00GHz,3790
Intel Xeon E5-1607 v2 @ 3.00GHz,4137
Intel Xeon E5-1607 v3 @ 3.10GHz,4930
Intel Xeon E5-1607 v4 @ 3.10GHz,5171
Intel Xeon E5-1620 @ 3.60GHz,5844
Intel Xeon E5-1620 v2 @ 3.70GHz,6494
Intel Xeon E5-1620 v3 @ 3.50GHz,6961
Intel Xeon E5-1620 v4 @ 3.50GHz,7318
Intel Xeon E5-1630 v3 @ 3.70GHz,7414
Intel Xeon E5-1630 v4 @ 3.70GHz,7580
Intel Xeon E5-1650 @ 3.20GHz,8048
Intel Xeon E5-1650 v2 @ 3.50GHz,9306
Intel Xeon E5-1650 v3 @ 3.50GHz,10377
Intel Xeon E5-1650 v4 @ 3.60GHz,11314
Intel Xeon E5-1660 @ 3.30GHz,8324
Intel Xeon E5-1660 v2 @ 3.70GHz,10297
Intel Xeon E5-1660 v3 @ 3.00GHz,12559
Intel Xeon E5-1660 v4 @ 3.20GHz,13247
Intel Xeon E5-1680 v2 @ 3.00GHz,12346
Intel Xeon E5-1680 v3 @ 3.20GHz,13302
Intel Xeon E5-1680 v4 @ 3.40GHz,14221
Intel Xeon E5-1681 v3 @ 2.90GHz,14820
Intel Xeon E5-2403 @ 1.80GHz,2367
Intel Xeon E5-2403 v2 @ 1.80GHz,2672
Intel Xeon E5-2407 @ 2.20GHz,2628
Intel Xeon E5-2407 v2 @ 2.40GHz,3354
Intel Xeon E5-2418L @ 2.00GHz,3518
Intel Xeon E5-2418L v2 @ 2.00GHz,5380
Intel Xeon E5-2420 @ 1.90GHz,5018
Intel Xeon E5-2420 v2 @ 2.20GHz,6332
Intel Xeon E5-2428L v2 @ 1.80GHz,6697
Intel Xeon E5-2430 @ 2.20GHz,5770
Intel Xeon E5-2430 v2 @ 2.50GHz,6859
Intel Xeon E5-2430L @ 2.00GHz,5300
Intel Xeon E5-2430L v2 @ 2.40GHz,6248
Intel Xeon E5-2440 @ 2.40GHz,6091
Intel Xeon E5-2440 v2 @ 1.90GHz,7565
Intel Xeon E5-2448L v2 @ 1.80GHz,6774
Intel Xeon E5-2450 @ 2.10GHz,7534
Intel Xeon E5-2450 v2 @ 2.50GHz,9084
Intel Xeon E5-2450L @ 1.80GHz,6047
Intel Xeon E5-2470 @ 2.30GHz,8325
Intel Xeon E5-2470 v2 @ 2.40GHz,10702
Intel Xeon E5-2603 @ 1.80GHz,2335
Intel Xeon E5-2603 v2 @ 1.80GHz,2735
Intel Xeon E5-2603 v3 @ 1.60GHz,3829
Intel Xeon E5-2603 v4 @ 1.70GHz,4412
Intel Xeon E5-2608L v3 @ 2.00GHz,6415
Intel Xeon E5-2608L v4 @ 1.60GHz,7447
Intel Xeon E5-2609 @ 2.40GHz,2912
Intel Xeon E5-2609 v2 @ 2.50GHz,3339
Intel Xeon E5-2609 v3 @ 1.90GHz,4499
Intel Xeon E5-2609 v4 @ 1.70GHz,5418
Intel Xeon E5-2618L v3 @ 2.30GHz,11310
Intel Xeon E5-2618L v4 @ 2.20GHz,12472
Intel Xeon E5-2620 @ 2.00GHz,5327
Intel Xeon E5-2620 v2 @ 2.10GHz,6231
Intel Xeon E5-2620 v3 @ 2.40GHz,7761
Intel Xeon E5-2620 v4 @ 2.10GHz,9227
Intel Xeon E5-2623 v3 @ 3.00GHz,6632
Intel Xeon E5-2623 v4 @ 2.60GHz,6868
Intel Xeon E5-2628 v3 @ 2.50GHz,8447
Intel Xeon E5-2628L v2 @ 1.90GHz,7085
Intel Xeon E5-2628L v3 @ 2.00GHz,9949
Intel Xeon E5-2628L v4 @ 1.90GHz,11079
Intel Xeon E5-2629 v3 @ 2.40GHz,9380
Intel Xeon E5-2630 @ 2.30GHz,6086
Intel Xeon E5-2630 v2 @ 2.60GHz,7488
Intel Xeon E5-2630 v3 @ 2.40GHz,10244
Intel Xeon E5-2630 v4 @ 2.20GHz,11387
Intel Xeon E5-2630L @ 2.00GHz,5305
Intel Xeon E5-2630L v2 @ 2.40GHz,6640
Intel Xeon E5-2630L v3 @ 1.80GHz,8630
Intel Xeon E5-2630L v4 @ 1.80GHz,9804
Intel Xeon E5-2637 @ 3.00GHz,2978
Intel Xeon E5-2637 v2 @ 3.50GHz,6453
Intel Xeon E5-2637 v3 @ 3.50GHz,7244
Intel Xeon E5-2637 v4 @ 3.50GHz,7463
Intel Xeon E5-2640 @ 2.50GHz,6297
Intel Xeon E5-2640 v2 @ 2.00GHz,7632
Intel Xeon E5-2640 v3 @ 2.60GHz,11007
Intel Xeon E5-2640 v4 @ 2.40GHz,12468
Intel Xeon E5-2643 @ 3.30GHz,5228
Intel Xeon E5-2643 v2 @ 3.50GHz,9233
Intel Xeon E5-2643 v3 @ 3.40GHz,10178
Intel Xeon E5-2643 v4 @ 3.40GHz,11031
Intel Xeon E5-2648L @ 1.80GHz,5262
Intel Xeon E5-2648L v2 @ 1.90GHz,8828
Intel Xeon E5-2648L v3 @ 1.80GHz,9847
Intel Xeon E5-2648L v4 @ 1.80GHz,11839
Intel Xeon E5-2649 v3 @ 2.30GHz,12399
Intel Xeon E5-2650 @ 2.00GHz,7356
Intel Xeon E5-2650 v2 @ 2.60GHz,9783
Intel Xeon E5-2650 v3 @ 2.30GHz,11657
Intel Xeon E5-2650 v4 @ 2.20GHz,13220
Intel Xeon E5-2650L @ 1.80GHz,6055
Intel Xeon E5-2650L v2 @ 1.70GHz,7612
Intel Xeon E5-2650L v3 @ 1.80GHz,11865
Intel Xeon E5-2650L v4 @ 1.70GHz,12773
Intel Xeon E5-2651 v2 @ 1.80GHz,9631
Intel Xeon E5-2658 @ 2.10GHz,6232
Intel Xeon E5-2658 v2 @ 2.40GHz,10559
Intel Xeon E5-2658 v3 @ 2.20GHz,13487
Intel Xeon E5-2658 v4 @ 2.30GHz,14434
Intel Xeon E5-2658A v3 @ 2.20GHz,14879
Intel Xeon E5-2660 @ 2.20GHz,8074
Intel Xeon E5-2660 v2 @ 2.20GHz,10349
Intel Xeon E5-2660 v3 @ 2.60GHz,13026
Intel Xeon E5-2660 v4 @ 2.00GHz,15487
Intel Xeon E5-2663 v3 @ 2.80GHz,11777
Intel Xeon E5-2665 @ 2.40GHz,8280
Intel Xeon E5-2666 v3 @ 2.90GHz,14028
Intel Xeon E5-2666 v4 @ 2.80GHz,17958
Intel Xeon E5-2667 @ 2.90GHz,7462
Intel Xeon E5-2667 v2 @ 3.30GHz,12164
Intel Xeon E5-2667 v3 @ 3.20GHz,12393
Intel Xeon E5-2667 v4 @ 3.20GHz,13794
Intel Xeon E5-2669 v3 @ 2.30GHz,16107
Intel Xeon E5-2670 @ 2.60GHz,8880
Intel Xeon E5-2670 v2 @ 2.50GHz,11291
Intel Xeon E5-2670 v3 @ 2.30GHz,13474
Intel Xeon E5-2673 v2 @ 3.30GHz,12127
Intel Xeon E5-2673 v3 @ 2.40GHz,13672
Intel Xeon E5-2673 v4 @ 2.30GHz,21160
Intel Xeon E5-2675 v3 @ 1.80GHz,13180
Intel Xeon E5-2676 v3 @ 2.40GHz,13079
Intel Xeon E5-2676 v4 @ 2.40GHz,18978
Intel Xeon E5-2678 v3 @ 2.50GHz,14652
Intel Xeon E5-2679 v4 @ 2.50GHz,24131
Intel Xeon E5-2680 @ 2.70GHz,9263
Intel Xeon E5-2680 v2 @ 2.80GHz,12675
Intel Xeon E5-2680 v3 @ 2.50GHz,14826
Intel Xeon E5-2680 v4 @ 2.40GHz,17229
Intel Xeon E5-2680R v4 @ 2.40GHz,17487
Intel Xeon E5-2682 v4 @ 2.50GHz,17886
Intel Xeon E5-2683 v3 @ 2.00GHz,14778
Intel Xeon E5-2683 v4 @ 2.10GHz,17444
Intel Xeon E5-2685 v3 @ 2.60GHz,12944
Intel Xeon E5-2686 v3 @ 2.00GHz,18148
Intel Xeon E5-2686 v4 @ 2.30GHz,19839
Intel Xeon E5-2687W @ 3.10GHz,10030
Intel Xeon E5-2687W v2 @ 3.40GHz,12337
Intel Xeon E5-2687W v3 @ 3.10GHz,14564
Intel Xeon E5-2687W v4 @ 3.00GHz,17770
Intel Xeon E5-2689 @ 2.60GHz,9463
Intel Xeon E5-2689 v4 @ 3.10GHz,17099
Intel Xeon E5-2690 @ 2.90GHz,9733
Intel Xeon E5-2690 v2 @ 3.00GHz,13312
Intel Xeon E5-2690 v3 @ 2.60GHz,16072
Intel Xeon E5-2690 v4 @ 2.60GHz,19245
Intel Xeon E5-2692 v2 @ 2.20GHz,12119
Intel Xeon E5-2695 v2 @ 2.40GHz,13320
Intel Xeon E5-2695 v3 @ 2.30GHz,16542
Intel Xeon E5-2695 v4 @ 2.10GHz,18825
Intel Xeon E5-2696 v2 @ 2.50GHz,14088
Intel Xeon E5-2696 v3 @ 2.30GHz,21361
Intel Xeon E5-2696 v4 @ 2.20GHz,24603
Intel Xeon E5-2697 v2 @ 2.70GHz,14258
Intel Xeon E5-2697 v3 @ 2.60GHz,18188
Intel Xeon E5-2697 v4 @ 2.30GHz,21007
Intel Xeon E5-2697A v4 @ 2.60GHz,21557
Intel Xeon E5-2697R v4 @ 2.30GHz,20843
Intel Xeon E5-2698 v3 @ 2.30GHz,18915
Intel Xeon E5-2698 v4 @ 2.20GHz,22645
Intel Xeon E5-2698B v3 @ 2.00GHz,16287
Intel Xeon E5-2698R v4 @ 2.20GHz,25605
Intel Xeon E5-2699 v3 @ 2.30GHz,20032
Intel Xeon E5-2699 v4 @ 2.20GHz,24710
Intel Xeon E5-2699A v4 @ 2.40GHz,26739
Intel Xeon E5-2699C v4 @ 2.20GHz,21113
Intel Xeon E5-4603 @ 2.00GHz,3391
Intel Xeon E5-4607 v2 @ 2.60GHz,6986
Intel Xeon E5-4610 @ 2.40GHz,6460
Intel Xeon E5-4610 v3 @ 1.70GHz,7229
Intel Xeon E5-4617 @ 2.90GHz,6298
Intel Xeon E5-4620 @ 2.20GHz,6635
Intel Xeon E5-4620 v2 @ 2.60GHz,9424
Intel Xeon E5-4620 v3 @ 2.00GHz,10525
Intel Xeon E5-4627 v2 @ 3.30GHz,9425
Intel Xeon E5-4627 v3 @ 2.60GHz,11344
Intel Xeon E5-4627 v4 @ 2.60GHz,12969
Intel Xeon E5-4628L v4 @ 1.80GHz,11503
Intel Xeon E5-4640 @ 2.40GHz,7012
Intel Xeon E5-4640 v3 @ 1.90GHz,10372
Intel Xeon E5-4648 v3 @ 1.70GHz,9061
Intel Xeon E5-4650 @ 2.70GHz,8651
Intel Xeon E5-4650 v2 @ 2.40GHz,10946
Intel Xeon E5-4650 v3 @ 2.10GHz,10838
Intel Xeon E5-4650 v4 @ 2.20GHz,16225
Intel Xeon E5-4650L @ 2.60GHz,8533
Intel Xeon E5-4655 v3 @ 2.90GHz,9377
Intel Xeon E5-4655 v4 @ 2.50GHz,10912
Intel Xeon E5-4657L v2 @ 2.40GHz,11613
Intel Xeon E5-4660 v3 @ 2.10GHz,14167
Intel Xeon E5-4660 v4 @ 2.20GHz,15375
Intel Xeon E5-4667 v3 @ 2.00GHz,15397
Intel Xeon E5-4667 v4 @ 2.20GHz,20319
Intel Xeon E5-4669 v3 @ 2.10GHz,17430
Intel Xeon E5-4669 v4 @ 2.20GHz,23285
Intel Xeon E5205 @ 1.86GHz,838
Intel Xeon E5240 @ 3.00GHz,1448
Intel Xeon E5310 @ 1.60GHz,1306
Intel Xeon E5320 @ 1.86GHz,1469
Intel Xeon E5335 @ 2.00GHz,1549
Intel Xeon E5345 @ 2.33GHz,1868
Intel Xeon E5405 @ 2.00GHz,1753
Intel Xeon E5410 @ 2.33GHz,2032
Intel Xeon E5420 @ 2.50GHz,2044
Intel Xeon E5430 @ 2.66GHz,2256
Intel Xeon E5440 @ 2.83GHz,2367
Intel Xeon E5450 @ 3.00GHz,2583
Intel Xeon E5462 @ 2.80GHz,2213
Intel Xeon E5472 @ 3.00GHz,2333
Intel Xeon E5502 @ 1.87GHz,837
Intel Xeon E5503 @ 2.00GHz,804
Intel Xeon E5504 @ 2.00GHz,1652
Intel Xeon E5506 @ 2.13GHz,1961
Intel Xeon E5507 @ 2.27GHz,1943
Intel Xeon E5520 @ 2.27GHz,2541
Intel Xeon E5530 @ 2.40GHz,2739
Intel Xeon E5540 @ 2.53GHz,2805
Intel Xeon E5603 @ 1.60GHz,1935
Intel Xeon E5606 @ 2.13GHz,2443
Intel Xeon E5607 @ 2.27GHz,2578
Intel Xeon E5620 @ 2.40GHz,3593
Intel Xeon E5630 @ 2.53GHz,3796
Intel Xeon E5640 @ 2.67GHz,3880
Intel Xeon E5645 @ 2.40GHz,4921
Intel Xeon E5649 @ 2.53GHz,5646
Intel Xeon E7- 2830 @ 2.13GHz,2027
Intel Xeon E7-4809 v2 @ 1.90GHz,16471
Intel Xeon E7-8880 v3 @ 2.30GHz,18244
Intel Xeon E7-8891 v3 @ 2.80GHz,21615
Intel Xeon E7320 @ 2.13GHz,1469
Intel Xeon Gold 5115 @ 2.40GHz,15085
Intel Xeon Gold 5117 @ 2.00GHz,16897
Intel Xeon Gold 5118 @ 2.30GHz,16699
Intel Xeon Gold 5120 @ 2.20GHz,18243
Intel Xeon Gold 5120T @ 2.20GHz,18127
Intel Xeon Gold 5122 @ 3.60GHz,8875
Intel Xeon Gold 5215 @ 2.20GHz,16304
Intel Xeon Gold 5215 @ 2.50GHz,15813
Intel Xeon Gold 5217 @ 3.00GHz,15429
Intel Xeon Gold 5218 @ 2.30GHz,21731
Intel Xeon Gold 5218R @ 2.10GHz,25000
Intel Xeon Gold 5218T @ 2.10GHz,21433
Intel Xeon Gold 5220 @ 2.20GHz,24480
Intel Xeon Gold 5220R @ 2.20GHz,30372
Intel Xeon Gold 5222 @ 3.80GHz,9355
Intel Xeon Gold 5315Y @ 3.20GHz,20477
Intel Xeon Gold 5317 @ 3.00GHz,27489
Intel Xeon Gold 5318H @ 2.50GHz,29301
Intel Xeon Gold 5318Y @ 2.10GHz,33139
Intel Xeon Gold 5320 @ 2.20GHz,37558
Intel Xeon Gold 5320H @ 2.40GHz,31718
Intel Xeon Gold 5320T @ 2.30GHz,33828
Intel Xeon Gold 5412U,50314
Intel Xeon Gold 5415+,24842
Intel Xeon Gold 5416S,35515
Intel Xeon Gold 5418Y,45660
Intel Xeon Gold 5420+,58209
Intel Xeon Gold 5512U,60183
Intel Xeon Gold 5515+,26359
Intel Xeon Gold 5520+,61227
Intel Xeon Gold 6122 @ 1.80GHz,23781
Intel Xeon Gold 6126 @ 2.60GHz,17492
Intel Xeon Gold 6126T @ 2.60GHz,20853
Intel Xeon Gold 6128 @ 3.40GHz,12915
Intel Xeon Gold 6130 @ 2.10GHz,21253
Intel Xeon Gold 6130T @ 2.10GHz,21804
Intel Xeon Gold 6132 @ 2.60GHz,22480
Intel Xeon Gold 6134 @ 3.20GHz,16522
Intel Xeon Gold 6136 @ 3.00GHz,21015
Intel Xeon Gold 6137 @ 3.90GHz,19365
Intel Xeon Gold 6138 @ 2.00GHz,23730
Intel Xeon Gold 6138T @ 2.00GHz,20356
Intel Xeon Gold 6140 @ 2.30GHz,24187
Intel Xeon Gold 6142 @ 2.60GHz,25218
Intel Xeon Gold 6142M @ 2.60GHz,26552
Intel Xeon Gold 6143 @ 2.80GHz,24786
Intel Xeon Gold 6144 @ 3.50GHz,18040
Intel Xeon Gold 6146 @ 3.20GHz,22278
Intel Xeon Gold 6148 @ 2.40GHz,29037
Intel Xeon Gold 6150 @ 2.70GHz,27032
Intel Xeon Gold 6152 @ 2.10GHz,24572
Intel Xeon Gold 6154 @ 3.00GHz,27438
Intel Xeon Gold 6208U @ 2.90GHz,24480
Intel Xeon Gold 6210U @ 2.50GHz,28861
Intel Xeon Gold 6212U @ 2.40GHz,27470
Intel Xeon Gold 6222V @ 1.80GHz,24254
Intel Xeon Gold 6226 @ 2.70GHz,20619
Intel Xeon Gold 6226R @ 2.90GHz,26386
Intel Xeon Gold 6230 @ 2.10GHz,25956
Intel Xeon Gold 6230R @ 2.10GHz,32591
Intel Xeon Gold 6234 @ 3.30GHz,17274
Intel Xeon Gold 6238 @ 2.10GHz,29118
Intel Xeon Gold 6238R @ 2.20GHz,34751
Intel Xeon Gold 6240 @ 2.60GHz,26406
Intel Xeon Gold 6240R @ 2.40GHz,32907
Intel Xeon Gold 6242 @ 2.80GHz,24303
Intel Xeon Gold 6242R @ 3.10GHz,36011
Intel Xeon Gold 6244 @ 3.60GHz,18818
Intel Xeon Gold 6246 @ 3.30GHz,22571
Intel Xeon Gold 6246R @ 3.40GHz,30468
Intel Xeon Gold 6248 @ 2.50GHz,29530
Intel Xeon Gold 6248R @ 3.00GHz,35931
Intel Xeon Gold 6250 @ 3.90GHz,20552
Intel Xeon Gold 6252 @ 2.10GHz,26797
Intel Xeon Gold 6253CL @ 3.10GHz,28549
Intel Xeon Gold 6254 @ 3.10GHz,32413
Intel Xeon Gold 6256 @ 3.60GHz,25334
Intel Xeon Gold 6258R @ 2.70GHz,37774
Intel Xeon Gold 6262 @ 1.90GHz,21823
Intel Xeon Gold 6266C @ 3.00GHz,29049
Intel Xeon Gold 6268CL @ 2.80GHz,34558
Intel Xeon Gold 6278C @ 2.60GHz,32835
Intel Xeon Gold 6312U @ 2.40GHz,41858
Intel Xeon Gold 6314U @ 2.30GHz,48916
Intel Xeon Gold 6326 @ 2.90GHz,32820
Intel Xeon Gold 6330 @ 2.00GHz,42072
Intel Xeon Gold 6330N @ 2.20GHz,36360
Intel Xeon Gold 6334 @ 3.60GHz,20512
Intel Xeon Gold 6336Y @ 2.40GHz,45517
Intel Xeon Gold 6338 @ 2.00GHz,40225
Intel Xeon Gold 6338N @ 2.20GHz,42086
Intel Xeon Gold 6338T @ 2.10GHz,35801
Intel Xeon Gold 6342 @ 2.80GHz,47076
Intel Xeon Gold 6346 @ 3.10GHz,37033
Intel Xeon Gold 6348 @ 2.60GHz,51843
Intel Xeon Gold 6354 @ 3.00GHz,38332
Intel Xeon Gold 6414U,57200
Intel Xeon Gold 6416H,40606
Intel Xeon Gold 6418H,51711
Intel Xeon Gold 6421N,58797
Intel Xeon Gold 6423N,57434
Intel Xeon Gold 6426Y,37944
Intel Xeon Gold 6430,53066
Intel Xeon Gold 6434,28111
Intel Xeon Gold 6438N,52789
Intel Xeon Gold 6438Y+,62660
Intel Xeon Gold 6442Y,58534
Intel Xeon Gold 6444Y,48106
Intel Xeon Gold 6448H,70280
Intel Xeon Gold 6448Y,60449
Intel Xeon Gold 6450C,38571
Intel Xeon Gold 6526Y,43018
Intel Xeon Gold 6530,45989
Intel Xeon Gold 6534,29912
Intel Xeon Gold 6538N,44895
Intel Xeon Gold 6542Y,60144
Intel Xeon Gold 6544Y,51181
Intel Xeon Gold 6548Y+,73387
Intel Xeon Gold 6554S,50777
Intel Xeon L3110 @ 3.00GHz,1338
Intel Xeon L3360 @ 2.83GHz,2412
Intel Xeon L3406 @ 2.27GHz,1104
Intel Xeon L3426 @ 1.87GHz,2742
Intel Xeon L5238 @ 2.66GHz,1073
Intel Xeon L5240 @ 3.00GHz,1337
Intel Xeon L5310 @ 1.60GHz,1385
Intel Xeon L5320 @ 1.86GHz,1118
Intel Xeon L5335 @ 2.00GHz,1737
Intel Xeon L5408 @ 2.13GHz,1769
Intel Xeon L5410 @ 2.33GHz,1853
Intel Xeon L5420 @ 2.50GHz,2143
Intel Xeon L5430 @ 2.66GHz,2260
Intel Xeon L5506 @ 2.13GHz,2198
Intel Xeon L5520 @ 2.27GHz,2319
Intel Xeon L5530 @ 2.40GHz,2522
Intel Xeon L5609 @ 1.87GHz,3298
Intel Xeon L5630 @ 2.13GHz,3048
Intel Xeon L5638 @ 2.00GHz,3707
Intel Xeon L5639 @ 2.13GHz,4419
Intel Xeon L5640 @ 2.27GHz,4659
Intel Xeon L7455 @ 2.13GHz,2494
Intel Xeon Max 9480,82913
Intel Xeon MV 3.20GHz,756
Intel Xeon Phi 7210 @ 1.30GHz,7306
Intel Xeon Phi 7290 @ 1.50GHz,17839
Intel Xeon Platinum 8124M @ 3.00GHz,24952
Intel Xeon Platinum 8151 @ 3.40GHz,16208
Intel Xeon Platinum 8160 @ 2.10GHz,29419
Intel Xeon Platinum 8167M @ 2.00GHz,24751
Intel Xeon Platinum 8168 @ 2.70GHz,32373
Intel Xeon Platinum 8171M @ 2.60GHz,29613
Intel Xeon Platinum 8173M @ 2.00GHz,28025
Intel Xeon Platinum 8175M @ 2.50GHz,28244
Intel Xeon Platinum 8176 @ 2.10GHz,27456
Intel Xeon Platinum 8180 @ 2.50GHz,38259
Intel Xeon Platinum 8180M @ 2.50GHz,32989
Intel Xeon Platinum 8252C @ 3.80GHz,28147
Intel Xeon Platinum 8259CL @ 2.50GHz,31403
Intel Xeon Platinum 8260 @ 2.40GHz,30162
Intel Xeon Platinum 8260C @ 2.40GHz,34420
Intel Xeon Platinum 8260M @ 2.30GHz,33970
Intel Xeon Platinum 8260M @ 2.40GHz,34592
Intel Xeon Platinum 8268 @ 2.90GHz,35734
Intel Xeon Platinum 8270 @ 2.70GHz,33602
Intel Xeon Platinum 8273CL @ 2.20GHz,37320
Intel Xeon Platinum 8275CL @ 3.00GHz,40794
Intel Xeon Platinum 8280 @ 2.70GHz,36830
Intel Xeon Platinum 8280M @ 2.70GHz,37665
Intel Xeon Platinum 8347C @ 2.10GHz,49386
Intel Xeon Platinum 8351N @ 2.40GHz,48267
Intel Xeon Platinum 8358 @ 2.60GHz,54416
Intel Xeon Platinum 8360Y @ 2.40GHz,54078
Intel Xeon Platinum 8362 @ 2.80GHz,56787
Intel Xeon Platinum 8368Q @ 2.60GHz,46681
Intel Xeon Platinum 8375C @ 2.90GHz,56202
Intel Xeon Platinum 8380 @ 2.30GHz,62318
Intel Xeon Platinum 8454H,62347
Intel Xeon Platinum 8461V,74982
Intel Xeon Platinum 8469C,64513
Intel Xeon Platinum 8470 @2.00GHz,89850
Intel Xeon Platinum 8475B,3280
Intel Xeon Platinum 8481C @ 2.70GHz,11646
Intel Xeon Platinum 8488C,88667
Intel Xeon Platinum 8562Y+,50189
Intel Xeon Platinum 8568Y+,79683
Intel Xeon Platinum 8570,93722
Intel Xeon Platinum 8571N,68385
Intel Xeon Platinum 8575C,3342
Intel Xeon Platinum 8581C @ 2.30GHz,8040
Intel Xeon Platinum 8592+,84013
Intel Xeon Platinum P-8124 @ 3.00GHz,22674
Intel Xeon Silver 4108 @ 1.80GHz,9212
Intel Xeon Silver 4109T @ 2.00GHz,10348
Intel Xeon Silver 4110 @ 2.10GHz,10319
Intel Xeon Silver 4112 @ 2.60GHz,6545
Intel Xeon Silver 4114 @ 2.20GHz,13130
Intel Xeon Silver 4116 @ 2.10GHz,14901
Intel Xeon Silver 4116T @ 2.10GHz,15187
Intel Xeon Silver 4123 @ 3.00GHz,14405
Intel Xeon Silver 4208 @ 2.10GHz,11000
Intel Xeon Silver 4209T @ 2.20GHz,11080
Intel Xeon Silver 4210 @ 2.20GHz,13575
Intel Xeon Silver 4210R @ 2.40GHz,15120
Intel Xeon Silver 4214 @ 2.20GHz,16378
Intel Xeon Silver 4214R @ 2.40GHz,17489
Intel Xeon Silver 4214Y @ 2.20GHz,16442
Intel Xeon Silver 4215 @ 2.50GHz,13353
Intel Xeon Silver 4215R @ 3.20GHz,14659
Intel Xeon Silver 4216 @ 2.10GHz,21074
Intel Xeon Silver 4216R @ 2.20GHz,24027
Intel Xeon Silver 4309Y @ 2.80GHz,18791
Intel Xeon Silver 4310 @ 2.10GHz,21635
Intel Xeon Silver 4310T @ 2.30GHz,20641
Intel Xeon Silver 4314 @ 2.40GHz,28922
Intel Xeon Silver 4316 @ 2.30GHz,32556
Intel Xeon Silver 4410T,27245
Intel Xeon Silver 4410Y,25136
Intel Xeon Silver 4416+,43659
Intel Xeon Silver 4509Y,18337
Intel Xeon Silver 4510,32282
Intel Xeon Silver 4510T,29119
Intel Xeon Silver 4514Y,30483
Intel Xeon W-10855M @ 2.80GHz,12227
Intel Xeon W-10885M @ 2.40GHz,15511
Intel Xeon W-11155MLE @ 1.80GHz,8394
Intel Xeon W-11555MLE @ 1.90GHz,11488
Intel Xeon W-11555MRE @ 2.60GHz,17484
Intel Xeon W-11855M @ 3.20GHz,17397
Intel Xeon W-11865MLE @ 1.50GHz,15917
Intel Xeon W-11865MRE @ 2.60GHz,16948
Intel Xeon W-11955M @ 2.60GHz,21528
Intel Xeon W-1250 @ 3.30GHz,13650
Intel Xeon W-1250E @ 3.50GHz,12566
Intel Xeon W-1250P @ 4.10GHz,14383
Intel Xeon W-1250TE @ 2.40GHz,8954
Intel Xeon W-1270 @ 3.40GHz,17509
Intel Xeon W-1270E @ 3.40GHz,18635
Intel Xeon W-1270P @ 3.80GHz,18331
Intel Xeon W-1270TE @ 2.00GHz,13553
Intel Xeon W-1290 @ 3.20GHz,19933
Intel Xeon W-1290E @ 3.50GHz,19424
Intel Xeon W-1290P @ 3.70GHz,22363
Intel Xeon W-1290T @ 1.90GHz,18409
Intel Xeon W-1290TE @ 1.80GHz,14501
Intel Xeon W-1350 @ 3.30GHz,18700
Intel Xeon W-1350P @ 4.00GHz,19611
Intel Xeon W-1370 @ 2.90GHz,22948
Intel Xeon W-1370P @ 3.60GHz,23539
Intel Xeon W-1390 @ 2.80GHz,23427
Intel Xeon W-1390P @ 3.50GHz,24860
Intel Xeon W-2102 @ 2.90GHz,5123
Intel Xeon W-2104 @ 3.20GHz,5525
Intel Xeon W-2123 @ 3.60GHz,8522
Intel Xeon W-2125 @ 4.00GHz,9981
Intel Xeon W-2133 @ 3.60GHz,12603
Intel Xeon W-2135 @ 3.70GHz,14375
Intel Xeon W-2140B @ 3.20GHz,17315
Intel Xeon W-2145 @ 3.70GHz,18012
Intel Xeon W-2150B @ 3.00GHz,20455
Intel Xeon W-2155 @ 3.30GHz,20693
Intel Xeon W-2170B @ 2.50GHz,24448
Intel Xeon W-2175 @ 2.50GHz,23525
Intel Xeon W-2191B @ 2.30GHz,28103
Intel Xeon W-2195 @ 2.30GHz,28017
Intel Xeon W-2223 @ 3.60GHz,8603
Intel Xeon W-2225 @ 4.10GHz,10407
Intel Xeon W-2235 @ 3.80GHz,14179
Intel Xeon W-2245 @ 3.90GHz,19416
Intel Xeon W-2255 @ 3.70GHz,22575
Intel Xeon W-2265 @ 3.50GHz,25732
Intel Xeon W-2275 @ 3.30GHz,27833
Intel Xeon W-2295 @ 3.00GHz,30784
Intel Xeon W-3175X @ 3.10GHz,45520
Intel Xeon W-3223 @ 3.50GHz,16940
Intel Xeon W-3225 @ 3.70GHz,18251
Intel Xeon W-3235 @ 3.30GHz,25598
Intel Xeon W-3245 @ 3.20GHz,31053
Intel Xeon W-3245M @ 3.20GHz,28494
Intel Xeon W-3265 @ 2.70GHz,30105
Intel Xeon W-3265M @ 2.70GHz,35506
Intel Xeon W-3275 @ 2.50GHz,39449
Intel Xeon W-3275M @ 2.50GHz,39983
Intel Xeon W-3323 @ 3.50GHz,27822
Intel Xeon W-3335 @ 3.40GHz,39293
Intel Xeon W-3345 @ 3.00GHz,48140
Intel Xeon W-3365 @ 2.70GHz,57312
Intel Xeon W-3375 @ 2.50GHz,59091
Intel Xeon w3-2423,15863
Intel Xeon w3-2425,18921
Intel Xeon w3-2435,26021
Intel Xeon w3-2525,28561
Intel Xeon w3-2535,33462
Intel Xeon W3503 @ 2.40GHz,1100
Intel Xeon W3505 @ 2.53GHz,1163
Intel Xeon W3520 @ 2.67GHz,2946
Intel Xeon W3530 @ 2.80GHz,3061
Intel Xeon W3540 @ 2.93GHz,3075
Intel Xeon W3550 @ 3.07GHz,3256
Intel Xeon W3565 @ 3.20GHz,3394
Intel Xeon W3570 @ 3.20GHz,3267
Intel Xeon W3580 @ 3.33GHz,3638
Intel Xeon W3670 @ 3.20GHz,6424
Intel Xeon W3680 @ 3.33GHz,7036
Intel Xeon W3690 @ 3.47GHz,7338
Intel Xeon w5-2445,32194
Intel Xeon w5-2455X,37073
Intel Xeon w5-2465X,45120
Intel Xeon w5-2545,40841
Intel Xeon w5-2555X,47638
Intel Xeon w5-2565X,52450
Intel Xeon w5-3423,27964
Intel Xeon w5-3425,36325
Intel Xeon w5-3433,33120
Intel Xeon w5-3435X,44508
Intel Xeon w5-3525,45498
Intel Xeon w5-3535X,54737
Intel Xeon W5580 @ 3.20GHz,3459
Intel Xeon W5590 @ 3.33GHz,3373
Intel Xeon w7-2475X,53211
Intel Xeon w7-2495X,57244
Intel Xeon w7-2575X,52951
Intel Xeon w7-2595X,66276
Intel Xeon w7-3445,48991
Intel Xeon w7-3455,55255
Intel Xeon w7-3465X,61600
Intel Xeon w7-3545,58890
Intel Xeon w7-3555,67754
Intel Xeon w7-3565X,71140
Intel Xeon w9-3475X,64894
Intel Xeon w9-3495X,90597
Intel Xeon w9-3575X,84959
Intel Xeon w9-3595X,98558
Intel Xeon X3210 @ 2.13GHz,1293
Intel Xeon X3220 @ 2.40GHz,1973
Intel Xeon X3230 @ 2.66GHz,2052
Intel Xeon X3320 @ 2.50GHz,2082
Intel Xeon X3323 @ 2.50GHz,2030
Intel Xeon X3330 @ 2.66GHz,2102
Intel Xeon X3350 @ 2.66GHz,2291
Intel Xeon X3353 @ 2.66GHz,2283
Intel Xeon X3360 @ 2.83GHz,2424
Intel Xeon X3363 @ 2.83GHz,2392
Intel Xeon X3370 @ 3.00GHz,2555
Intel Xeon X3380 @ 3.16GHz,2568
Intel Xeon X3430 @ 2.40GHz,2324
Intel Xeon X3440 @ 2.53GHz,2786
Intel Xeon X3450 @ 2.67GHz,2899
Intel Xeon X3460 @ 2.80GHz,2947
Intel Xeon X3470 @ 2.93GHz,3357
Intel Xeon X3480 @ 3.07GHz,3335
Intel Xeon X5260 @ 3.33GHz,1278
Intel Xeon X5270 @ 3.50GHz,1524
Intel Xeon X5272 @ 3.40GHz,1451
Intel Xeon X5355 @ 2.66GHz,2039
Intel Xeon X5365 @ 3.00GHz,2331
Intel Xeon X5450 @ 3.00GHz,2430
Intel Xeon X5460 @ 3.16GHz,2571
Intel Xeon X5470 @ 3.33GHz,2871
Intel Xeon X5472 @ 3.00GHz,2243
Intel Xeon X5482 @ 3.20GHz,2755
Intel Xeon X5492 @ 3.40GHz,2912
Intel Xeon X5550 @ 2.67GHz,3036
Intel Xeon X5560 @ 2.80GHz,3235
Intel Xeon X5570 @ 2.93GHz,3306
Intel Xeon X5647 @ 2.93GHz,4441
Intel Xeon X5650 @ 2.67GHz,5748
Intel Xeon X5660 @ 2.80GHz,5989
Intel Xeon X5667 @ 3.07GHz,4697
Intel Xeon X5670 @ 2.93GHz,6173
Intel Xeon X5672 @ 3.20GHz,5036
Intel Xeon X5675 @ 3.07GHz,6432
Intel Xeon X5677 @ 3.47GHz,5064
Intel Xeon X5679 @ 3.20GHz,7095
Intel Xeon X5680 @ 3.33GHz,6927
Intel Xeon X5687 @ 3.60GHz,5386
Intel Xeon X5690 @ 3.47GHz,7017
Intel Xeon X5698 @ 4.40GHz,3447
Intel Xeon X6550 @ 2.00GHz,1936
